species,level,move
BULBASAUR,1,TACKLE
BULBASAUR,4,GROWL
BULBASAUR,7,LEECH SEED
BULBASAUR,10,VINE WHIP
BULBASAUR,15,POISONPOWDER
BULBASAUR,15,SLEEP POWDER
BULBASAUR,20,RAZOR LEAF
BULBASAUR,25,SWEET SCENT
BULBASAUR,32,GROWTH
BULBASAUR,39,MOONLIGHT
BULBASAUR,46,SOLARBEAM
IVYSAUR,1,TACKLE
IVYSAUR,1,GROWL
IVYSAUR,1,LEECH SEED
IVYSAUR,4,GROWL
IVYSAUR,7,LEECH SEED
IVYSAUR,10,VINE WHIP
IVYSAUR,15,POISONPOWDER
IVYSAUR,15,SLEEP POWDER
IVYSAUR,22,RAZOR LEAF
IVYSAUR,29,SWEET SCENT
IVYSAUR,38,GROWTH
IVYSAUR,47,MOONLIGHT
IVYSAUR,56,SOLARBEAM
VENUSAUR,1,TACKLE
VENUSAUR,1,GROWL
VENUSAUR,1,LEECH SEED
VENUSAUR,1,VINE WHIP
VENUSAUR,4,GROWL
VENUSAUR,7,LEECH SEED
VENUSAUR,10,VINE WHIP
VENUSAUR,15,POISONPOWDER
VENUSAUR,15,SLEEP POWDER
VENUSAUR,22,RAZOR LEAF
VENUSAUR,29,SWEET SCENT
VENUSAUR,41,GROWTH
VENUSAUR,53,MOONLIGHT
VENUSAUR,65,SOLARBEAM
CHARMANDER,1,SCRATCH
CHARMANDER,1,GROWL
CHARMANDER,7,EMBER
CHARMANDER,13,METAL CLAW
CHARMANDER,19,SAND-ATTACK
CHARMANDER,25,COTTON SPORE
CHARMANDER,31,FLAMETHROWER
CHARMANDER,37,SLASH
CHARMANDER,43,DRAGON RAGE
CHARMANDER,49,FIRE SPIN
CHARMELEON,1,SCRATCH
CHARMELEON,1,GROWL
CHARMELEON,1,EMBER
CHARMELEON,7,EMBER
CHARMELEON,13,METAL CLAW
CHARMELEON,20,SAND-ATTACK
CHARMELEON,27,COTTON SPORE
CHARMELEON,34,FLAMETHROWER
CHARMELEON,41,SLASH
CHARMELEON,48,DRAGON RAGE
CHARMELEON,55,FIRE SPIN
CHARIZARD,1,HEAT WAVE
CHARIZARD,1,SCRATCH
CHARIZARD,1,GROWL
CHARIZARD,1,EMBER
CHARIZARD,1,METAL CLAW
CHARIZARD,7,EMBER
CHARIZARD,13,METAL CLAW
CHARIZARD,20,SAND-ATTACK
CHARIZARD,27,COTTON SPORE
CHARIZARD,34,FLAMETHROWER
CHARIZARD,36,WING ATTACK
CHARIZARD,44,SLASH
CHARIZARD,54,DRAGON RAGE
CHARIZARD,64,FIRE SPIN
SQUIRTLE,1,TACKLE
SQUIRTLE,4,TAIL WHIP
SQUIRTLE,7,BUBBLE
SQUIRTLE,10,HARDEN
SQUIRTLE,13,WATER GUN
SQUIRTLE,18,BITE
SQUIRTLE,23,RAPID SPIN
SQUIRTLE,28,PROTECT
SQUIRTLE,33,RAIN DANCE
SQUIRTLE,40,SKULL BASH
SQUIRTLE,47,HYDRO PUMP
WARTORTLE,1,TACKLE
WARTORTLE,1,TAIL WHIP
WARTORTLE,1,BUBBLE
WARTORTLE,4,TAIL WHIP
WARTORTLE,7,BUBBLE
WARTORTLE,10,HARDEN
WARTORTLE,13,WATER GUN
WARTORTLE,19,BITE
WARTORTLE,25,RAPID SPIN
WARTORTLE,31,PROTECT
WARTORTLE,37,RAIN DANCE
WARTORTLE,45,SKULL BASH
WARTORTLE,53,HYDRO PUMP
BLASTOISE,1,TACKLE
BLASTOISE,1,TAIL WHIP
BLASTOISE,1,BUBBLE
BLASTOISE,1,HARDEN
BLASTOISE,4,TAIL WHIP
BLASTOISE,7,BUBBLE
BLASTOISE,10,HARDEN
BLASTOISE,13,WATER GUN
BLASTOISE,19,BITE
BLASTOISE,25,RAPID SPIN
BLASTOISE,31,PROTECT
BLASTOISE,42,RAIN DANCE
BLASTOISE,55,SKULL BASH
BLASTOISE,68,HYDRO PUMP
CATERPIE,1,TACKLE
CATERPIE,1,STRING SHOT
METAPOD,1,HARDEN
METAPOD,7,HARDEN
BETTERFLY,1,CONFUSION
BETTERFLY,10,CONFUSION
BETTERFLY,13,POISONPOWDER
BETTERFLY,14,STUN SPORE
BETTERFLY,15,SLEEP POWDER
BETTERFLY,18,TEETER DANCE
BETTERFLY,23,WHIRLWIND
BETTERFLY,28,TWISTER
BETTERFLY,34,PSYBEAM
BETTERFLY,40,SAFEGUARD
BETTERFLY,47,SILVER WIND
WEEDLE,1,POISON STING
WEEDLE,1,STRING SHOT
KAKUNA,1,HARDEN
KAKUNA,7,HARDEN
BEEDRILL,1,FURY SWIPES
BEEDRILL,10,FURY SWIPES
BEEDRILL,15,FOCUS ENERGY
BEEDRILL,20,TWINEEDLE
BEEDRILL,25,RAGE
BEEDRILL,30,PURSUIT
BEEDRILL,35,PIN MISSILE
BEEDRILL,40,AGILITY
BEEDRILL,45,ENDEAVOR
PIDGEY,1,TACKLE
PIDGEY,5,SAND-ATTACK
PIDGEY,9,TWISTER
PIDGEY,13,QUICK ATTACK
PIDGEY,19,WHIRLWIND
PIDGEY,25,WING ATTACK
PIDGEY,31,CHARM
PIDGEY,39,AGILITY
PIDGEY,47,MIRROR MOVE
PIDGEOTTO,1,TACKLE
PIDGEOTTO,1,SAND-ATTACK
PIDGEOTTO,1,TWISTER
PIDGEOTTO,5,SAND-ATTACK
PIDGEOTTO,9,TWISTER
PIDGEOTTO,13,QUICK ATTACK
PIDGEOTTO,20,WHIRLWIND
PIDGEOTTO,27,WING ATTACK
PIDGEOTTO,34,CHARM
PIDGEOTTO,43,AGILITY
PIDGEOTTO,52,MIRROR MOVE
PIDGEOT,1,TACKLE
PIDGEOT,1,SAND-ATTACK
PIDGEOT,1,TWISTER
PIDGEOT,1,QUICK ATTACK
PIDGEOT,5,SAND-ATTACK
PIDGEOT,9,TWISTER
PIDGEOT,13,QUICK ATTACK
PIDGEOT,20,WHIRLWIND
PIDGEOT,27,WING ATTACK
PIDGEOT,34,CHARM
PIDGEOT,48,AGILITY
PIDGEOT,62,MIRROR MOVE
RATTATA,1,TACKLE
RATTATA,1,TAIL WHIP
RATTATA,7,QUICK ATTACK
RATTATA,13,HYPER FANG
RATTATA,20,FOCUS ENERGY
RATTATA,27,PURSUIT
RATTATA,34,SUPER FANG
RATTATA,41,ENDEAVOR
RATICATE,1,TACKLE
RATICATE,1,TAIL WHIP
RATICATE,1,QUICK ATTACK
RATICATE,7,QUICK ATTACK
RATICATE,13,HYPER FANG
RATICATE,20,COTTON SPORE
RATICATE,30,PURSUIT
RATICATE,40,SUPER FANG
RATICATE,50,ENDEAVOR
SPEAROW,1,PECK
SPEAROW,1,GROWL
SPEAROW,7,LEER
SPEAROW,13,FURY SWIPES
SPEAROW,19,PURSUIT
SPEAROW,25,AERIAL ACE
SPEAROW,31,MIRROR MOVE
SPEAROW,37,DRILL PECK
SPEAROW,43,AGILITY
FEAROW,1,PECK
FEAROW,1,GROWL
FEAROW,1,LEER
FEAROW,1,FURY SWIPES
FEAROW,7,LEER
FEAROW,13,FURY SWIPES
FEAROW,26,PURSUIT
FEAROW,32,MIRROR MOVE
FEAROW,40,DRILL PECK
FEAROW,47,AGILITY
EKANS,1,BIND
EKANS,1,LEER
EKANS,8,POISON STING
EKANS,13,BITE
EKANS,20,STUN SPORE
EKANS,25,SCREECH
EKANS,32,ACID
EKANS,37,GRASS KNOT
EKANS,37,WAVE CRASH
EKANS,37,FLARE BLITZ
EKANS,44,HAZE
ARBOK,1,BIND
ARBOK,1,LEER
ARBOK,1,POISON STING
ARBOK,1,BITE
ARBOK,8,POISON STING
ARBOK,13,BITE
ARBOK,20,STUN SPORE
ARBOK,28,SCREECH
ARBOK,38,ACID
ARBOK,46,GRASS KNOT
ARBOK,46,WAVE CRASH
ARBOK,46,FLARE BLITZ
ARBOK,56,HAZE
PIKACHU,1,THUNDERSHOCK
PIKACHU,1,GROWL
PIKACHU,6,TAIL WHIP
PIKACHU,8,THUNDER WAVE
PIKACHU,11,QUICK ATTACK
PIKACHU,15,DOUBLE TEAM
PIKACHU,20,HYPER VOICE
PIKACHU,26,THUNDERBOLT
PIKACHU,33,AGILITY
PIKACHU,41,THUNDER
PIKACHU,50,LIGHT SCREEN
RAICHU,1,THUNDERSHOCK
RAICHU,1,TAIL WHIP
RAICHU,1,QUICK ATTACK
RAICHU,1,THUNDERBOLT
SANDSHREW,1,SCRATCH
SANDSHREW,6,DEFENSE CURL
SANDSHREW,11,SAND-ATTACK
SANDSHREW,17,POISON STING
SANDSHREW,23,SLASH
SANDSHREW,30,SWIFT
SANDSHREW,37,FURY SWIPES
SANDSHREW,45,SAND TOMB
SANDSHREW,53,SANDSTORM
SANDSLASH,1,SCRATCH
SANDSLASH,1,DEFENSE CURL
SANDSLASH,1,SAND-ATTACK
SANDSLASH,6,DEFENSE CURL
SANDSLASH,11,SAND-ATTACK
SANDSLASH,17,POISON STING
SANDSLASH,24,SLASH
SANDSLASH,33,SWIFT
SANDSLASH,42,FURY SWIPES
SANDSLASH,52,SAND TOMB
SANDSLASH,62,SANDSTORM
NIDORANF,1,GROWL
NIDORANF,1,SCRATCH
NIDORANF,8,TAIL WHIP
NIDORANF,12,DOUBLE KICK
NIDORANF,17,POISON STING
NIDORANF,20,BITE
NIDORANF,23,KILING SPREE
NIDORANF,30,FURY SWIPES
NIDORANF,38,FLATTER
NIDORANF,47,CRUNCH
NIDORINA,1,GROWL
NIDORINA,1,SCRATCH
NIDORINA,8,TAIL WHIP
NIDORINA,12,DOUBLE KICK
NIDORINA,18,POISON STING
NIDORINA,22,BITE
NIDORINA,26,KILING SPREE
NIDORINA,34,FURY SWIPES
NIDORINA,43,FLATTER
NIDORINA,53,CRUNCH
NIDOQUEEN,1,SCRATCH
NIDOQUEEN,1,TAIL WHIP
NIDOQUEEN,1,DOUBLE KICK
NIDOQUEEN,1,POISON STING
NIDOQUEEN,22,BODY SLAM
NIDOQUEEN,43,SUPERPOWER
NIDORANM,1,LEER
NIDORANM,1,PECK
NIDORANM,8,FOCUS ENERGY
NIDORANM,12,DOUBLE KICK
NIDORANM,17,POISON STING
NIDORANM,20,HORN ATTACK
NIDORANM,23,KILING SPREE
NIDORANM,30,FURY SWIPES
NIDORANM,38,FLATTER
NIDORANM,47,HORN DRILL
NIDORINO,1,LEER
NIDORINO,1,PECK
NIDORINO,8,FOCUS ENERGY
NIDORINO,12,DOUBLE KICK
NIDORINO,18,POISON STING
NIDORINO,22,HORN ATTACK
NIDORINO,26,KILING SPREE
NIDORINO,34,FURY SWIPES
NIDORINO,43,FLATTER
NIDORINO,53,HORN DRILL
NIDOKING,1,PECK
NIDOKING,1,FOCUS ENERGY
NIDOKING,1,DOUBLE KICK
NIDOKING,1,POISON STING
NIDOKING,22,THRASH
NIDOKING,43,MEGAHORN
CLEFAIRY,1,SCRATCH
CLEFAIRY,1,GROWL
CLEFAIRY,5,ENCORE
CLEFAIRY,9,SING
CLEFAIRY,13,FURY SWIPES
CLEFAIRY,17,FOLLOW ME
CLEFAIRY,21,MINIMIZE
CLEFAIRY,25,DEFENSE CURL
CLEFAIRY,29,METRONOME
CLEFAIRY,33,COSMIC POWER
CLEFAIRY,37,MOONLIGHT
CLEFAIRY,41,LIGHT SCREEN
CLEFAIRY,45,METEOR MASH
CLEFABLE,1,SING
CLEFABLE,1,FURY SWIPES
CLEFABLE,1,MINIMIZE
CLEFABLE,1,METRONOME
VULPIX,1,EMBER
VULPIX,5,TAIL WHIP
VULPIX,9,ROAR
VULPIX,13,QUICK ATTACK
VULPIX,17,WILL-O-WISP
VULPIX,21,CONFUSE RAY
VULPIX,25,DUAL SCREEN
VULPIX,29,FLAMETHROWER
VULPIX,33,SAFEGUARD
VULPIX,37,GRUDGE
VULPIX,41,FIRE SPIN
NINETALES,1,EMBER
NINETALES,1,QUICK ATTACK
NINETALES,1,CONFUSE RAY
NINETALES,1,SAFEGUARD
NINETALES,45,FIRE SPIN
JIGGLYPUFF,1,SING
JIGGLYPUFF,4,DEFENSE CURL
JIGGLYPUFF,9,TACKLE
JIGGLYPUFF,14,DISABLE
JIGGLYPUFF,19,ROLLOUT
JIGGLYPUFF,24,FURY SWIPES
JIGGLYPUFF,29,REST
JIGGLYPUFF,34,BODY SLAM
JIGGLYPUFF,39,MIMIC
JIGGLYPUFF,44,HYPER VOICE
JIGGLYPUFF,49,DOUBLE-EDGE
WIGGLYTUFF,1,SING
WIGGLYTUFF,1,DISABLE
WIGGLYTUFF,1,DEFENSE CURL
WIGGLYTUFF,1,FURY SWIPES
ZUBAT,1,LEECH LIFE
ZUBAT,6,ASTONISH
ZUBAT,11,TEETER DANCE
ZUBAT,16,BITE
ZUBAT,21,WING ATTACK
ZUBAT,26,CONFUSE RAY
ZUBAT,31,AIR CUTTER
ZUBAT,36,MEAN LOOK
ZUBAT,41,POISON FANG
ZUBAT,46,HAZE
GOLBAT,1,SCREECH
GOLBAT,1,LEECH LIFE
GOLBAT,1,ASTONISH
GOLBAT,1,TEETER DANCE
GOLBAT,6,ASTONISH
GOLBAT,11,TEETER DANCE
GOLBAT,16,BITE
GOLBAT,21,WING ATTACK
GOLBAT,28,CONFUSE RAY
GOLBAT,35,AIR CUTTER
GOLBAT,42,MEAN LOOK
GOLBAT,49,POISON FANG
GOLBAT,56,HAZE
ODDISH,1,ABSORB
ODDISH,7,SWEET SCENT
ODDISH,14,POISONPOWDER
ODDISH,16,STUN SPORE
ODDISH,18,SLEEP POWDER
ODDISH,23,ACID
ODDISH,32,MOONLIGHT
ODDISH,39,PETAL DANCE
GLOOM,1,ABSORB
GLOOM,1,SWEET SCENT
GLOOM,1,POISONPOWDER
GLOOM,7,SWEET SCENT
GLOOM,14,POISONPOWDER
GLOOM,16,STUN SPORE
GLOOM,18,SLEEP POWDER
GLOOM,24,ACID
GLOOM,35,MOONLIGHT
GLOOM,44,PETAL DANCE
VILEPLUME,1,ABSORB
VILEPLUME,1,HEAL BELL
VILEPLUME,1,STUN SPORE
VILEPLUME,1,MEGA DRAIN
VILEPLUME,44,PETAL DANCE
PARAS,1,SCRATCH
PARAS,7,STUN SPORE
PARAS,13,POISONPOWDER
PARAS,19,LEECH LIFE
PARAS,25,SPORE
PARAS,31,SLASH
PARAS,37,GROWTH
PARAS,43,GIGA DRAIN
PARAS,49,HEAL BELL
PARASECT,1,SCRATCH
PARASECT,1,STUN SPORE
PARASECT,1,POISONPOWDER
PARASECT,7,STUN SPORE
PARASECT,13,POISONPOWDER
PARASECT,19,LEECH LIFE
PARASECT,27,SPORE
PARASECT,35,SLASH
PARASECT,43,GROWTH
PARASECT,51,GIGA DRAIN
PARASECT,59,HEAL BELL
VENONAT,1,TACKLE
VENONAT,1,DISABLE
VENONAT,1,ODOR SLEUTH
VENONAT,9,TEETER DANCE
VENONAT,17,CONFUSION
VENONAT,20,POISONPOWDER
VENONAT,25,LEECH LIFE
VENONAT,28,STUN SPORE
VENONAT,33,PSYBEAM
VENONAT,36,SLEEP POWDER
VENONAT,41,PSYCHIC
METAMOTH,1,SILVER WIND
METAMOTH,1,TACKLE
METAMOTH,1,DISABLE
METAMOTH,1,ODOR SLEUTH
METAMOTH,1,TEETER DANCE
METAMOTH,9,TEETER DANCE
METAMOTH,17,CONFUSION
METAMOTH,20,POISONPOWDER
METAMOTH,25,LEECH LIFE
METAMOTH,28,STUN SPORE
METAMOTH,31,TWISTER
METAMOTH,36,PSYBEAM
METAMOTH,42,SLEEP POWDER
METAMOTH,52,PSYCHIC
DIGLETT,1,SAND-ATTACK
DIGLETT,1,SCRATCH
DIGLETT,5,GROWL
DIGLETT,9,MAGNITUDE
DIGLETT,17,DIG
DIGLETT,21,FURY SWIPES
DIGLETT,25,MUD-SLAP
DIGLETT,33,SLASH
DIGLETT,41,EARTHQUAKE
DIGLETT,49,FISSURE
DUGTRIO,1,TRI ATTACK
DUGTRIO,1,SCRATCH
DUGTRIO,1,SAND-ATTACK
DUGTRIO,1,GROWL
DUGTRIO,5,GROWL
DUGTRIO,9,MAGNITUDE
DUGTRIO,17,DIG
DUGTRIO,21,FURY SWIPES
DUGTRIO,25,MUD-SLAP
DUGTRIO,26,SAND TOMB
DUGTRIO,38,SLASH
DUGTRIO,51,EARTHQUAKE
DUGTRIO,64,FISSURE
MEOWTH,1,SCRATCH
MEOWTH,1,GROWL
MEOWTH,10,BITE
MEOWTH,18,PAY DAY
MEOWTH,25,FAINT ATTACK
MEOWTH,31,SCREECH
MEOWTH,36,FURY SWIPES
MEOWTH,40,SLASH
MEOWTH,43,FAKE OUT
MEOWTH,45,SWAGGER
PERSIAN,1,SCRATCH
PERSIAN,1,GROWL
PERSIAN,1,BITE
PERSIAN,10,BITE
PERSIAN,18,PAY DAY
PERSIAN,25,FAINT ATTACK
PERSIAN,34,SCREECH
PERSIAN,42,FURY SWIPES
PERSIAN,49,SLASH
PERSIAN,55,FAKE OUT
PERSIAN,61,SWAGGER
PSYDUCK,1,AZURE DRIVE
PSYDUCK,1,SCRATCH
PSYDUCK,5,TAIL WHIP
PSYDUCK,10,DISABLE
PSYDUCK,16,CONFUSION
PSYDUCK,23,SCREECH
PSYDUCK,31,PSYCH UP
PSYDUCK,40,FURY SWIPES
PSYDUCK,50,HYDRO PUMP
GOLDUCK,1,AZURE DRIVE
GOLDUCK,1,SCRATCH
GOLDUCK,1,TAIL WHIP
GOLDUCK,1,DISABLE
GOLDUCK,5,TAIL WHIP
GOLDUCK,10,DISABLE
GOLDUCK,16,CONFUSION
GOLDUCK,23,SCREECH
GOLDUCK,31,PSYCH UP
GOLDUCK,44,FURY SWIPES
GOLDUCK,58,HYDRO PUMP
MANKEY,1,SCRATCH
MANKEY,1,LEER
MANKEY,6,LOW KICK
MANKEY,11,KARATE CHOP
MANKEY,16,FURY SWIPES
MANKEY,21,FOCUS ENERGY
MANKEY,26,SEISMIC TOSS
MANKEY,31,CROSS CHOP
MANKEY,36,SWAGGER
MANKEY,41,SCREECH
MANKEY,46,THRASH
PRIMEAPE,1,SCRATCH
PRIMEAPE,1,LEER
PRIMEAPE,1,LOW KICK
PRIMEAPE,1,RAGE
PRIMEAPE,6,LOW KICK
PRIMEAPE,11,KARATE CHOP
PRIMEAPE,16,FURY SWIPES
PRIMEAPE,21,FOCUS ENERGY
PRIMEAPE,26,SEISMIC TOSS
PRIMEAPE,28,RAGE
PRIMEAPE,35,CROSS CHOP
PRIMEAPE,44,SWAGGER
PRIMEAPE,53,SCREECH
PRIMEAPE,62,THRASH
GROWLITHE,1,BITE
GROWLITHE,1,ROAR
GROWLITHE,7,EMBER
GROWLITHE,13,LEER
GROWLITHE,19,ODOR SLEUTH
GROWLITHE,25,TAKE DOWN
GROWLITHE,31,FLAME WHEEL
GROWLITHE,37,KILING SPREE
GROWLITHE,43,AGILITY
GROWLITHE,49,FLAMETHROWER
ARCANINE,1,BITE
ARCANINE,1,ROAR
ARCANINE,1,EMBER
ARCANINE,1,ODOR SLEUTH
ARCANINE,49,EXTREMESPEED
POLIWAG,1,BUBBLE
POLIWAG,7,HYPNOSIS
POLIWAG,13,WATER GUN
POLIWAG,19,FURY SWIPES
POLIWAG,25,RAIN DANCE
POLIWAG,31,BODY SLAM
POLIWAG,37,BELLY DRUM
POLIWAG,43,HYDRO PUMP
POLIWHIRL,1,BUBBLE
POLIWHIRL,1,HYPNOSIS
POLIWHIRL,1,WATER GUN
POLIWHIRL,7,HYPNOSIS
POLIWHIRL,13,WATER GUN
POLIWHIRL,19,FURY SWIPES
POLIWHIRL,27,RAIN DANCE
POLIWHIRL,35,BODY SLAM
POLIWHIRL,43,BELLY DRUM
POLIWHIRL,51,HYDRO PUMP
POLIWRATH,1,WATER GUN
POLIWRATH,1,HYPNOSIS
POLIWRATH,1,FURY SWIPES
POLIWRATH,1,SUBMISSION
POLIWRATH,35,SUBMISSION
POLIWRATH,51,LOCK-ON
ABRA,1,TELEPORT
KADABRA,1,TELEPORT
KADABRA,1,SAND-ATTACK
KADABRA,1,CONFUSION
KADABRA,16,CONFUSION
KADABRA,18,DISABLE
KADABRA,21,PSYBEAM
KADABRA,23,REFLECT
KADABRA,25,RECOVER
KADABRA,30,FUTURE SIGHT
KADABRA,33,ROLE PLAY
KADABRA,36,PSYCHIC
KADABRA,43,TRICK
ALAKAZAM,1,TELEPORT
ALAKAZAM,1,SAND-ATTACK
ALAKAZAM,1,CONFUSION
ALAKAZAM,16,CONFUSION
ALAKAZAM,18,DISABLE
ALAKAZAM,21,PSYBEAM
ALAKAZAM,23,REFLECT
ALAKAZAM,25,RECOVER
ALAKAZAM,30,FUTURE SIGHT
ALAKAZAM,33,CALM MIND
ALAKAZAM,36,PSYCHIC
ALAKAZAM,43,TRICK
MACHOP,1,LOW KICK
MACHOP,1,LEER
MACHOP,7,FOCUS ENERGY
MACHOP,13,KARATE CHOP
MACHOP,19,SEISMIC TOSS
MACHOP,22,ODOR SLEUTH
MACHOP,25,REVENGE
MACHOP,31,SWIFT
MACHOP,37,SUBMISSION
MACHOP,40,CROSS CHOP
MACHOP,43,COTTON SPORE
MACHOP,49,DYNAMICPUNCH
MACHOKE,1,LOW KICK
MACHOKE,1,LEER
MACHOKE,1,FOCUS ENERGY
MACHOKE,7,FOCUS ENERGY
MACHOKE,13,KARATE CHOP
MACHOKE,19,SEISMIC TOSS
MACHOKE,22,ODOR SLEUTH
MACHOKE,25,REVENGE
MACHOKE,33,SWIFT
MACHOKE,41,SUBMISSION
MACHOKE,46,CROSS CHOP
MACHOKE,51,COTTON SPORE
MACHOKE,59,DYNAMICPUNCH
MACHAMP,1,LOW KICK
MACHAMP,1,LEER
MACHAMP,1,FOCUS ENERGY
MACHAMP,7,FOCUS ENERGY
MACHAMP,13,KARATE CHOP
MACHAMP,19,SEISMIC TOSS
MACHAMP,22,ODOR SLEUTH
MACHAMP,25,REVENGE
MACHAMP,33,SWIFT
MACHAMP,41,SUBMISSION
MACHAMP,46,CROSS CHOP
MACHAMP,51,COTTON SPORE
MACHAMP,59,DYNAMICPUNCH
PEASHOOTER,1,VINE WHIP
PEASHOOTER,6,GROWTH
PEASHOOTER,11,BIND
PEASHOOTER,15,SLEEP POWDER
PEASHOOTER,17,POISONPOWDER
PEASHOOTER,19,STUN SPORE
PEASHOOTER,23,ACID
PEASHOOTER,30,SWEET SCENT
PEASHOOTER,37,RAZOR LEAF
PEASHOOTER,45,HYPER VOICE
MUDEETER,1,VINE WHIP
MUDEETER,1,GROWTH
MUDEETER,1,BIND
MUDEETER,6,GROWTH
MUDEETER,11,BIND
MUDEETER,15,SLEEP POWDER
MUDEETER,17,POISONPOWDER
MUDEETER,19,STUN SPORE
MUDEETER,24,ACID
MUDEETER,33,SWEET SCENT
MUDEETER,42,RAZOR LEAF
MUDEETER,54,HYPER VOICE
BISHARP,1,GRASS KNOT
BISHARP,1,FLARE BLITZ
BISHARP,1,WAVE CRASH
BISHARP,1,VINE WHIP
BISHARP,1,SLEEP POWDER
BISHARP,1,SWEET SCENT
BISHARP,1,RAZOR LEAF
TENTACOOL,1,POISON STING
TENTACOOL,6,CONFUSE RAY
TENTACOOL,12,SEAQUAKE
TENTACOOL,19,ACID
TENTACOOL,25,BUBBLEBEAM
TENTACOOL,30,BIND
TENTACOOL,36,IRON DEFENSE
TENTACOOL,43,SCREECH
TENTACOOL,49,HYDRO PUMP
TENTACRUEL,1,POISON STING
TENTACRUEL,1,CONFUSE RAY
TENTACRUEL,1,SEAQUAKE
TENTACRUEL,6,CONFUSE RAY
TENTACRUEL,12,SEAQUAKE
TENTACRUEL,19,ACID
TENTACRUEL,25,BUBBLEBEAM
TENTACRUEL,30,BIND
TENTACRUEL,38,IRON DEFENSE
TENTACRUEL,47,SCREECH
TENTACRUEL,55,HYDRO PUMP
GEODUDE,1,TACKLE
GEODUDE,1,DEFENSE CURL
GEODUDE,6,EARTH POWER
GEODUDE,11,ROCK THROW
GEODUDE,16,MAGNITUDE
GEODUDE,21,EXPLOSION
GEODUDE,26,ROLLOUT
GEODUDE,31,ROCK BLAST
GEODUDE,36,EARTHQUAKE
GEODUDE,41,EXPLOSION
GEODUDE,46,DOUBLE-EDGE
GRAVELER,1,TACKLE
GRAVELER,1,DEFENSE CURL
GRAVELER,1,EARTH POWER
GRAVELER,1,ROCK THROW
GRAVELER,6,EARTH POWER
GRAVELER,11,ROCK THROW
GRAVELER,16,MAGNITUDE
GRAVELER,21,EXPLOSION
GRAVELER,29,ROLLOUT
GRAVELER,37,ROCK BLAST
GRAVELER,45,EARTHQUAKE
GRAVELER,53,EXPLOSION
GRAVELER,62,DOUBLE-EDGE
GOLEM,1,TACKLE
GOLEM,1,DEFENSE CURL
GOLEM,1,EARTH POWER
GOLEM,1,ROCK THROW
GOLEM,6,EARTH POWER
GOLEM,11,ROCK THROW
GOLEM,16,MAGNITUDE
GOLEM,21,EXPLOSION
GOLEM,29,ROLLOUT
GOLEM,37,ROCK BLAST
GOLEM,45,EARTHQUAKE
GOLEM,53,EXPLOSION
GOLEM,62,DOUBLE-EDGE
PONYTA,1,QUICK ATTACK
PONYTA,5,GROWL
PONYTA,9,TAIL WHIP
PONYTA,14,EMBER
PONYTA,19,STOMP
PONYTA,25,FIRE SPIN
PONYTA,31,TAKE DOWN
PONYTA,38,AGILITY
PONYTA,45,DRIP-DROP
PONYTA,53,FIRE BLAST
RAPIDASH,1,QUICK ATTACK
RAPIDASH,1,GROWL
RAPIDASH,1,TAIL WHIP
RAPIDASH,1,EMBER
RAPIDASH,5,GROWL
RAPIDASH,9,TAIL WHIP
RAPIDASH,14,EMBER
RAPIDASH,19,STOMP
RAPIDASH,25,FIRE SPIN
RAPIDASH,31,TAKE DOWN
RAPIDASH,38,AGILITY
RAPIDASH,40,FURY SWIPES
RAPIDASH,50,DRIP-DROP
RAPIDASH,63,FIRE BLAST
SLOWPOKE,1,CURSE
SLOWPOKE,1,YAWN
SLOWPOKE,1,TACKLE
SLOWPOKE,6,GROWL
SLOWPOKE,13,WATER GUN
SLOWPOKE,17,CONFUSION
SLOWPOKE,24,DISABLE
SLOWPOKE,29,HEADBUTT
SLOWPOKE,36,AMNESIA
SLOWPOKE,40,PSYCHIC
SLOWPOKE,47,PSYCH UP
FASTRAX,1,CURSE
FASTRAX,1,YAWN
FASTRAX,1,TACKLE
FASTRAX,1,GROWL
FASTRAX,6,GROWL
FASTRAX,13,WATER GUN
FASTRAX,17,CONFUSION
FASTRAX,24,DISABLE
FASTRAX,29,HEADBUTT
FASTRAX,36,AMNESIA
FASTRAX,37,HARDEN
FASTRAX,44,PSYCHIC
FASTRAX,55,PSYCH UP
MAGNEMITE,1,METAL SOUND
MAGNEMITE,1,TACKLE
MAGNEMITE,6,THUNDERSHOCK
MAGNEMITE,11,CONFUSE RAY
MAGNEMITE,16,RAGE FIST
MAGNEMITE,21,THUNDER WAVE
MAGNEMITE,26,SPARK
MAGNEMITE,32,LOCK-ON
MAGNEMITE,38,SWIFT
MAGNEMITE,44,SCREECH
MAGNEMITE,50,ZAP CANNON
MAGNETON,1,METAL SOUND
MAGNETON,1,TACKLE
MAGNETON,1,THUNDERSHOCK
MAGNETON,1,CONFUSE RAY
MAGNETON,6,THUNDERSHOCK
MAGNETON,11,CONFUSE RAY
MAGNETON,16,RAGE FIST
MAGNETON,21,THUNDER WAVE
MAGNETON,26,SPARK
MAGNETON,35,LOCK-ON
MAGNETON,44,TRI ATTACK
MAGNETON,53,SCREECH
MAGNETON,62,ZAP CANNON
FARFETCH'D,1,PECK
FARFETCH'D,6,SAND-ATTACK
FARFETCH'D,11,LEER
FARFETCH'D,16,FURY SWIPES
FARFETCH'D,21,KNOCK OFF
FARFETCH'D,26,FURY CUTTER
FARFETCH'D,31,SWORDS DANCE
FARFETCH'D,36,AGILITY
FARFETCH'D,41,SLASH
FARFETCH'D,46,FALSE SWIPE
DODUO,1,PECK
DODUO,1,GROWL
DODUO,9,PURSUIT
DODUO,13,FURY SWIPES
DODUO,21,TRI ATTACK
DODUO,25,RAGE
DODUO,33,UPROAR
DODUO,37,DRILL PECK
DODUO,45,AGILITY
DODRIO,1,PECK
DODRIO,1,GROWL
DODRIO,1,PURSUIT
DODRIO,1,FURY SWIPES
DODRIO,9,PURSUIT
DODRIO,13,FURY SWIPES
DODRIO,21,TRI ATTACK
DODRIO,25,RAGE
DODRIO,38,UPROAR
DODRIO,47,DRILL PECK
DODRIO,60,AGILITY
ROCKRUFF,1,HEADBUTT
ROCKRUFF,9,GROWL
ROCKRUFF,17,ICY WIND
ROCKRUFF,21,AURORA BEAM
ROCKRUFF,29,REST
ROCKRUFF,37,TAKE DOWN
ROCKRUFF,41,ICE BEAM
ROCKRUFF,49,SAFEGUARD
SKOLL,1,SIGNAL BEAM
SKOLL,1,HEADBUTT
SKOLL,1,GROWL
SKOLL,1,ICY WIND
SKOLL,1,AURORA BEAM
SKOLL,9,GROWL
SKOLL,17,ICY WIND
SKOLL,21,AURORA BEAM
SKOLL,29,REST
SKOLL,34,SHEER COLD
SKOLL,42,TAKE DOWN
SKOLL,51,ICE BEAM
SKOLL,64,SAFEGUARD
GRIMER,1,TOXIC
GRIMER,1,TACKLE
GRIMER,4,HARDEN
GRIMER,8,DISABLE
GRIMER,13,SLUDGE
GRIMER,19,MINIMIZE
GRIMER,26,SCREECH
GRIMER,34,IRON DEFENSE
GRIMER,43,SLUDGE BOMB
GRIMER,53,MEMENTO
MUK,1,TOXIC
MUK,1,TACKLE
MUK,1,HARDEN
MUK,4,HARDEN
MUK,8,DISABLE
MUK,13,SLUDGE
MUK,19,MINIMIZE
MUK,26,SCREECH
MUK,34,IRON DEFENSE
MUK,47,SLUDGE BOMB
MUK,61,MEMENTO
MELTAN,1,TACKLE
MELTAN,1,HARDEN
MELTAN,8,ICICLE SPEAR
MELTAN,15,CONFUSE RAY
MELTAN,22,AURORA BEAM
MELTAN,29,PROTECT
MELTAN,36,LEER
MELTAN,43,WHIRLPOOL
MELTAN,50,ICE BEAM
CLOYSTER,1,HARDEN
CLOYSTER,1,CONFUSE RAY
CLOYSTER,1,AURORA BEAM
CLOYSTER,1,PROTECT
CLOYSTER,36,SPIKES
CLOYSTER,43,FURY SWIPES
GASTLY,1,HYPNOSIS
GASTLY,1,LICK
GASTLY,8,SPITE
GASTLY,13,CURSE
GASTLY,16,NIGHT SHADE
GASTLY,21,CONFUSE RAY
GASTLY,28,DREAM EATER
GASTLY,33,DESTINY BOND
GASTLY,36,SHADOW BALL
GASTLY,41,NIGHTMARE
GASTLY,48,MEAN LOOK
HAUNTER,1,HYPNOSIS
HAUNTER,1,LICK
HAUNTER,1,SPITE
HAUNTER,8,SPITE
HAUNTER,13,CURSE
HAUNTER,16,NIGHT SHADE
HAUNTER,21,CONFUSE RAY
HAUNTER,25,SHADOW PUNCH
HAUNTER,31,DREAM EATER
HAUNTER,39,DESTINY BOND
HAUNTER,45,SHADOW BALL
HAUNTER,53,NIGHTMARE
HAUNTER,64,MEAN LOOK
GENGAR,1,HYPNOSIS
GENGAR,1,LICK
GENGAR,1,SPITE
GENGAR,8,SPITE
GENGAR,13,CURSE
GENGAR,16,NIGHT SHADE
GENGAR,21,CONFUSE RAY
GENGAR,25,SHADOW PUNCH
GENGAR,31,DREAM EATER
GENGAR,39,DESTINY BOND
GENGAR,45,SHADOW BALL
GENGAR,53,NIGHTMARE
GENGAR,64,MEAN LOOK
ONIX,1,TACKLE
ONIX,1,SCREECH
ONIX,8,BIND
ONIX,12,ROCK THROW
ONIX,19,HARDEN
ONIX,23,RAGE
ONIX,30,DRAGONBREATH
ONIX,34,SANDSTORM
ONIX,41,HYPER VOICE
ONIX,45,IRON TAIL
ONIX,52,SAND TOMB
ONIX,56,DOUBLE-EDGE
DROWZEE,1,TACKLE
DROWZEE,1,HYPNOSIS
DROWZEE,7,DISABLE
DROWZEE,11,CONFUSION
DROWZEE,17,HEADBUTT
DROWZEE,21,SLEEP POWDER
DROWZEE,27,SHARPEN
DROWZEE,31,PSYCHIC
DROWZEE,37,PSYCH UP
DROWZEE,41,SWAGGER
DROWZEE,47,FUTURE SIGHT
HYPNO,1,NIGHTMARE
HYPNO,1,TACKLE
HYPNO,1,HYPNOSIS
HYPNO,1,DISABLE
HYPNO,1,CONFUSION
HYPNO,7,DISABLE
HYPNO,11,CONFUSION
HYPNO,17,HEADBUTT
HYPNO,21,SLEEP POWDER
HYPNO,29,SHARPEN
HYPNO,35,PSYCHIC
HYPNO,43,PSYCH UP
HYPNO,49,SWAGGER
HYPNO,57,FUTURE SIGHT
KRABBY,1,BUBBLE
KRABBY,5,LEER
KRABBY,12,VICEGRIP
KRABBY,16,HARDEN
KRABBY,23,MUD SHOT
KRABBY,27,STOMP
KRABBY,34,GUILLOTINE
KRABBY,38,PROTECT
KRABBY,45,CRABHAMMER
KRABBY,49,FLAIL
KINGLER,1,METAL CLAW
KINGLER,1,BUBBLE
KINGLER,1,LEER
KINGLER,1,VICEGRIP
KINGLER,1,HARDEN
KINGLER,5,LEER
KINGLER,12,VICEGRIP
KINGLER,16,HARDEN
KINGLER,23,MUD SHOT
KINGLER,27,STOMP
KINGLER,38,GUILLOTINE
KINGLER,42,PROTECT
KINGLER,57,CRABHAMMER
KINGLER,65,FLAIL
VOLTORB,1,CHARGE UP
VOLTORB,1,TACKLE
VOLTORB,8,SCREECH
VOLTORB,15,RAGE FIST
VOLTORB,21,SPARK
VOLTORB,27,EXPLOSION
VOLTORB,32,ROLLOUT
VOLTORB,37,LIGHT SCREEN
VOLTORB,42,SWIFT
VOLTORB,46,EXPLOSION
VOLTORB,49,MIRROR COAT
ELECTRODE,1,CHARGE UP
ELECTRODE,1,TACKLE
ELECTRODE,1,SCREECH
ELECTRODE,1,RAGE FIST
ELECTRODE,8,SCREECH
ELECTRODE,15,RAGE FIST
ELECTRODE,21,SPARK
ELECTRODE,27,EXPLOSION
ELECTRODE,34,ROLLOUT
ELECTRODE,41,LIGHT SCREEN
ELECTRODE,48,SWIFT
ELECTRODE,54,EXPLOSION
ELECTRODE,59,MIRROR COAT
ACCURASEED,1,FURY SWIPES
ACCURASEED,1,UPROAR
ACCURASEED,1,HYPNOSIS
ACCURASEED,7,REFLECT
ACCURASEED,13,LEECH SEED
ACCURASEED,19,CONFUSION
ACCURASEED,25,STUN SPORE
ACCURASEED,31,POISONPOWDER
ACCURASEED,37,SLEEP POWDER
ACCURASEED,43,SOLARBEAM
TREECESION,1,FURY SWIPES
TREECESION,1,HYPNOSIS
TREECESION,1,CONFUSION
TREECESION,19,STOMP
TREECESION,31,HYPER VOICE
CUBONE,1,GROWL
CUBONE,5,TAIL WHIP
CUBONE,9,BONE CLUB
CUBONE,13,HEADBUTT
CUBONE,17,LEER
CUBONE,21,FOCUS ENERGY
CUBONE,25,BONEMERANG
CUBONE,29,RAGE
CUBONE,33,FALSE SWIPE
CUBONE,37,THRASH
CUBONE,41,BONE RUSH
CUBONE,45,DOUBLE-EDGE
MAROWAK,1,GROWL
MAROWAK,1,TAIL WHIP
MAROWAK,1,BONE CLUB
MAROWAK,1,HEADBUTT
MAROWAK,5,TAIL WHIP
MAROWAK,9,BONE CLUB
MAROWAK,13,HEADBUTT
MAROWAK,17,LEER
MAROWAK,21,FOCUS ENERGY
MAROWAK,25,BONEMERANG
MAROWAK,32,RAGE
MAROWAK,39,FALSE SWIPE
MAROWAK,46,THRASH
MAROWAK,53,BONE RUSH
MAROWAK,61,DOUBLE-EDGE
HITMONLEE,1,REVENGE
HITMONLEE,1,DOUBLE KICK
HITMONLEE,6,SHARPEN
HITMONLEE,11,ROLLING KICK
HITMONLEE,16,JUMP KICK
HITMONLEE,20,BRICK BREAK
HITMONLEE,21,FOCUS ENERGY
HITMONLEE,26,HI JUMP KICK
HITMONLEE,31,LOCK-ON
HITMONLEE,36,ODOR SLEUTH
HITMONLEE,41,ENDURE
HITMONLEE,46,MEGA KICK
HITMONLEE,51,REVERSAL
HITMONCHAN,1,REVENGE
HITMONCHAN,1,FURY SWIPES
HITMONCHAN,7,AGILITY
HITMONCHAN,13,PURSUIT
HITMONCHAN,20,MACH PUNCH
HITMONCHAN,26,THUNDERPUNCH
HITMONCHAN,26,ICE PUNCH
HITMONCHAN,26,FIRE PUNCH
HITMONCHAN,32,SKY UPPERCUT
HITMONCHAN,38,MEGA PUNCH
HITMONCHAN,44,PROTECT
HITMONCHAN,50,COUNTER
HITMONCENA,1,LICK
HITMONCENA,7,CONFUSE RAY
HITMONCENA,12,DEFENSE CURL
HITMONCENA,18,KNOCK OFF
HITMONCENA,23,STOMP
HITMONCENA,29,BIND
HITMONCENA,34,DISABLE
HITMONCENA,40,HYPER VOICE
HITMONCENA,45,SCREECH
HITMONCENA,51,REFRESH
KOFFING,1,TOXIC
KOFFING,1,TACKLE
KOFFING,9,SLUDGE
KOFFING,17,EXPLOSION
KOFFING,21,SLUDGE
KOFFING,25,SAND-ATTACK
KOFFING,33,HAZE
KOFFING,41,EXPLOSION
KOFFING,45,DESTINY BOND
KOFFING,49,MEMENTO
WEEZING,1,TOXIC
WEEZING,1,TACKLE
WEEZING,1,SLUDGE
WEEZING,1,EXPLOSION
WEEZING,9,SLUDGE
WEEZING,17,EXPLOSION
WEEZING,21,SLUDGE
WEEZING,25,SAND-ATTACK
WEEZING,33,HAZE
WEEZING,44,EXPLOSION
WEEZING,51,DESTINY BOND
WEEZING,58,MEMENTO
RHYHORN,1,HORN ATTACK
RHYHORN,1,TAIL WHIP
RHYHORN,10,STOMP
RHYHORN,15,FURY SWIPES
RHYHORN,24,COTTON SPORE
RHYHORN,29,ROCK BLAST
RHYHORN,38,HORN DRILL
RHYHORN,43,TAKE DOWN
RHYHORN,52,EARTHQUAKE
RHYHORN,57,MEGAHORN
RHYDON,1,HORN ATTACK
RHYDON,1,TAIL WHIP
RHYDON,1,STOMP
RHYDON,1,FURY SWIPES
RHYDON,10,STOMP
RHYDON,15,FURY SWIPES
RHYDON,24,COTTON SPORE
RHYDON,29,ROCK BLAST
RHYDON,38,HORN DRILL
RHYDON,46,TAKE DOWN
RHYDON,58,EARTHQUAKE
RHYDON,66,MEGAHORN
CHANSEY,1,TACKLE
CHANSEY,1,GROWL
CHANSEY,5,TAIL WHIP
CHANSEY,9,REFRESH
CHANSEY,13,LIFE ENERGY
CHANSEY,17,FURY SWIPES
CHANSEY,23,MINIMIZE
CHANSEY,29,SING
CHANSEY,35,HYPER VOICE
CHANSEY,41,DEFENSE CURL
CHANSEY,49,LIGHT SCREEN
CHANSEY,57,DOUBLE-EDGE
ARMAROOK,1,INGRAIN
ARMAROOK,1,SEAQUAKE
ARMAROOK,4,SLEEP POWDER
ARMAROOK,10,ABSORB
ARMAROOK,13,GROWTH
ARMAROOK,19,POISONPOWDER
ARMAROOK,22,VINE WHIP
ARMAROOK,28,BIND
ARMAROOK,31,MEGA DRAIN
ARMAROOK,37,STUN SPORE
ARMAROOK,40,HYPER VOICE
ARMAROOK,46,TICKLE
KANGASKHAN,1,FURY SWIPES
KANGASKHAN,1,LEER
KANGASKHAN,7,BITE
KANGASKHAN,13,TAIL WHIP
KANGASKHAN,19,FAKE OUT
KANGASKHAN,25,MEGA PUNCH
KANGASKHAN,31,RAGE
KANGASKHAN,37,ENDURE
KANGASKHAN,43,DIZZY PUNCH
KANGASKHAN,49,REVERSAL
HORSEA,1,BUBBLE
HORSEA,8,SAND-ATTACK
HORSEA,15,LEER
HORSEA,22,WATER GUN
HORSEA,29,TWISTER
HORSEA,36,AGILITY
HORSEA,43,HYDRO PUMP
HORSEA,50,DRAGON DANCE
SEADRA,1,BUBBLE
SEADRA,1,SAND-ATTACK
SEADRA,1,LEER
SEADRA,1,WATER GUN
SEADRA,8,SAND-ATTACK
SEADRA,15,LEER
SEADRA,22,WATER GUN
SEADRA,29,TWISTER
SEADRA,40,AGILITY
SEADRA,51,HYDRO PUMP
SEADRA,62,DRAGON DANCE
FRILLISH,1,PECK
FRILLISH,1,TAIL WHIP
FRILLISH,1,AZURE DRIVE
FRILLISH,10,CONFUSE RAY
FRILLISH,15,HORN ATTACK
FRILLISH,24,FLAIL
FRILLISH,29,FURY SWIPES
FRILLISH,38,WATERFALL
FRILLISH,43,HORN DRILL
FRILLISH,52,AGILITY
FRILLISH,57,MEGAHORN
JELLICENT,1,PECK
JELLICENT,1,TAIL WHIP
JELLICENT,1,AZURE DRIVE
JELLICENT,1,CONFUSE RAY
JELLICENT,10,CONFUSE RAY
JELLICENT,15,HORN ATTACK
JELLICENT,24,FLAIL
JELLICENT,29,FURY SWIPES
JELLICENT,41,WATERFALL
JELLICENT,49,HORN DRILL
JELLICENT,61,AGILITY
JELLICENT,69,MEGAHORN
STARYU,1,TACKLE
STARYU,1,HARDEN
STARYU,6,WATER GUN
STARYU,10,RAPID SPIN
STARYU,15,RECOVER
STARYU,19,HIDDEN TYPE
STARYU,24,SWIFT
STARYU,28,BUBBLEBEAM
STARYU,33,MINIMIZE
STARYU,37,LIGHT SCREEN
STARYU,42,COSMIC POWER
STARYU,46,HYDRO PUMP
STARMIE,1,WATER GUN
STARMIE,1,RAPID SPIN
STARMIE,1,RECOVER
STARMIE,1,SWIFT
STARMIE,33,CONFUSE RAY
MRMIME,1,IRON DEFENSE
MRMIME,5,CONFUSION
MRMIME,8,SUBSTITUTE
MRMIME,12,SHARPEN
MRMIME,15,FURY SWIPES
MRMIME,19,LIGHT SCREEN
MRMIME,19,REFLECT
MRMIME,22,MAGICAL LEAF
MRMIME,26,ENCORE
MRMIME,29,PSYBEAM
MRMIME,33,RECYCLE
MRMIME,36,TRICK
MRMIME,40,ROLE PLAY
MRMIME,43,PSYCHIC
MRMIME,47,BATON PASS
MRMIME,50,SAFEGUARD
SCYTHER,1,QUICK ATTACK
SCYTHER,1,LEER
SCYTHER,6,FOCUS ENERGY
SCYTHER,11,PURSUIT
SCYTHER,16,FALSE SWIPE
SCYTHER,21,AGILITY
SCYTHER,26,WING ATTACK
SCYTHER,31,SLASH
SCYTHER,36,SWORDS DANCE
SCYTHER,41,DOUBLE TEAM
SCYTHER,46,FURY CUTTER
BEARTIC,1,TACKLE
BEARTIC,1,LICK
BEARTIC,1,SING
BEARTIC,1,POWDER SNOW
BEARTIC,9,SING
BEARTIC,13,POWDER SNOW
BEARTIC,21,FURY SWIPES
BEARTIC,25,ICE PUNCH
BEARTIC,35,MEAN LOOK
BEARTIC,41,METAL SOUND
BEARTIC,51,BODY SLAM
BEARTIC,57,PERISH SONG
BEARTIC,67,BLIZZARD
ELECTABUZZ,1,QUICK ATTACK
ELECTABUZZ,1,LEER
ELECTABUZZ,1,THUNDERPUNCH
ELECTABUZZ,9,THUNDERPUNCH
ELECTABUZZ,17,LIGHT SCREEN
ELECTABUZZ,25,SWIFT
ELECTABUZZ,36,SCREECH
ELECTABUZZ,47,THUNDERBOLT
ELECTABUZZ,58,THUNDER
MAGMAR,1,EMBER
MAGMAR,1,LEER
MAGMAR,1,SLUDGE
MAGMAR,1,FIRE PUNCH
MAGMAR,7,LEER
MAGMAR,13,SLUDGE
MAGMAR,19,FIRE PUNCH
MAGMAR,25,SAND-ATTACK
MAGMAR,33,SUNNY DAY
MAGMAR,41,FLAMETHROWER
MAGMAR,49,CONFUSE RAY
MAGMAR,57,FIRE BLAST
PINSIR,1,VICEGRIP
PINSIR,1,FOCUS ENERGY
PINSIR,7,BIND
PINSIR,13,SEISMIC TOSS
PINSIR,19,HARDEN
PINSIR,25,REVENGE
PINSIR,31,BRICK BREAK
PINSIR,37,GUILLOTINE
PINSIR,43,SUBMISSION
PINSIR,49,SWORDS DANCE
TAUROS,1,TACKLE
TAUROS,1,TAIL WHIP
TAUROS,4,RAGE
TAUROS,8,HORN ATTACK
TAUROS,13,COTTON SPORE
TAUROS,19,PURSUIT
TAUROS,26,SWAGGER
TAUROS,34,REST
TAUROS,43,THRASH
TAUROS,53,TAKE DOWN
MAGIKARP,1,SPLASH
MAGIKARP,15,TACKLE
MAGIKARP,30,FLAIL
GYARADOS,1,THRASH
GYARADOS,20,BITE
GYARADOS,25,DRAGON RAGE
GYARADOS,30,LEER
GYARADOS,35,TWISTER
GYARADOS,40,HYDRO PUMP
GYARADOS,45,RAIN DANCE
GYARADOS,50,DRAGON DANCE
GYARADOS,55,HYPER BEAM
LAPRAS,1,WATER GUN
LAPRAS,1,GROWL
LAPRAS,1,SING
LAPRAS,7,MIST
LAPRAS,13,BODY SLAM
LAPRAS,19,CONFUSE RAY
LAPRAS,25,PERISH SONG
LAPRAS,31,ICE BEAM
LAPRAS,37,RAIN DANCE
LAPRAS,43,SAFEGUARD
LAPRAS,49,HYDRO PUMP
LAPRAS,55,SHEER COLD
DITTO,1,TRANSFORM
EEVEE,1,TACKLE
EEVEE,1,TAIL WHIP
EEVEE,8,SAND-ATTACK
EEVEE,10,KILING SPREE
EEVEE,15,GROWL
EEVEE,20,QUICK ATTACK
EEVEE,25,BODY SLAM
EEVEE,30,SHARPEN
EEVEE,35,BATON PASS
EEVEE,40,TAKE DOWN
VAPOREON,1,TACKLE
VAPOREON,1,TAIL WHIP
VAPOREON,1,KILING SPREE
VAPOREON,8,SAND-ATTACK
VAPOREON,16,WATER GUN
VAPOREON,23,QUICK ATTACK
VAPOREON,30,BITE
VAPOREON,36,AURORA BEAM
VAPOREON,42,HAZE
VAPOREON,47,IRON DEFENSE
VAPOREON,52,HYDRO PUMP
JOLTEON,1,TACKLE
JOLTEON,1,TAIL WHIP
JOLTEON,1,KILING SPREE
JOLTEON,8,SAND-ATTACK
JOLTEON,16,THUNDERSHOCK
JOLTEON,23,QUICK ATTACK
JOLTEON,30,DOUBLE KICK
JOLTEON,36,PIN MISSILE
JOLTEON,42,THUNDER WAVE
JOLTEON,47,AGILITY
JOLTEON,52,THUNDER
FLAREON,1,TACKLE
FLAREON,1,TAIL WHIP
FLAREON,1,KILING SPREE
FLAREON,8,SAND-ATTACK
FLAREON,16,EMBER
FLAREON,23,QUICK ATTACK
FLAREON,30,BITE
FLAREON,36,FIRE SPIN
FLAREON,42,SLUDGE
FLAREON,47,LEER
FLAREON,52,FLAMETHROWER
BLAZING,1,CONVERSION 2
BLAZING,1,TACKLE
BLAZING,1,HIDDEN SKILL
BLAZING,9,AGILITY
BLAZING,12,PSYBEAM
BLAZING,20,RECOVER
BLAZING,24,SHARPEN
BLAZING,32,LOCK-ON
BLAZING,36,TRI ATTACK
BLAZING,44,RECYCLE
BLAZING,48,ZAP CANNON
OMANYTE,1,SEAQUAKE
OMANYTE,1,HARDEN
OMANYTE,13,BITE
OMANYTE,19,WATER GUN
OMANYTE,25,MUD SHOT
OMANYTE,31,LEER
OMANYTE,37,PROTECT
OMANYTE,43,TICKLE
OMANYTE,49,ANCIENTPOWER
OMANYTE,55,HYDRO PUMP
OMASTAR,1,SEAQUAKE
OMASTAR,1,HARDEN
OMASTAR,1,BITE
OMASTAR,1,WATER GUN
OMASTAR,13,BITE
OMASTAR,19,WATER GUN
OMASTAR,25,MUD SHOT
OMASTAR,31,LEER
OMASTAR,37,PROTECT
OMASTAR,40,FURY SWIPES
OMASTAR,46,TICKLE
OMASTAR,55,ANCIENTPOWER
OMASTAR,65,HYDRO PUMP
KABUTO,1,SCRATCH
KABUTO,1,HARDEN
KABUTO,13,ABSORB
KABUTO,19,LEER
KABUTO,25,MUD SHOT
KABUTO,31,SAND-ATTACK
KABUTO,37,ENDURE
KABUTO,43,METAL SOUND
KABUTO,49,MEGA DRAIN
KABUTO,55,ANCIENTPOWER
KABUTUFF,1,FURY CUTTER
KABUTUFF,1,SCRATCH
KABUTUFF,1,HARDEN
KABUTUFF,1,ABSORB
KABUTUFF,1,LEER
KABUTUFF,13,ABSORB
KABUTUFF,19,LEER
KABUTUFF,25,MUD SHOT
KABUTUFF,31,SAND-ATTACK
KABUTUFF,37,ENDURE
KABUTUFF,40,SLASH
KABUTUFF,46,METAL SOUND
KABUTUFF,55,MEGA DRAIN
KABUTUFF,65,ANCIENTPOWER
AERODACTYL,1,WING ATTACK
AERODACTYL,8,AGILITY
AERODACTYL,15,BITE
AERODACTYL,22,TEETER DANCE
AERODACTYL,29,ANCIENTPOWER
AERODACTYL,36,COTTON SPORE
AERODACTYL,43,TAKE DOWN
AERODACTYL,50,HYPER BEAM
SNORLAX,1,TACKLE
SNORLAX,5,AMNESIA
SNORLAX,9,DEFENSE CURL
SNORLAX,13,BELLY DRUM
SNORLAX,17,HEADBUTT
SNORLAX,21,YAWN
SNORLAX,25,REST
SNORLAX,29,SNORE
SNORLAX,33,BODY SLAM
SNORLAX,37,SLEEP TALK
SNORLAX,41,MEAN LOOK
SNORLAX,45,NIGHT SLASH
SNORLAX,49,ROLLOUT
SNORLAX,53,HYPER BEAM
ARTICUNO,1,TWISTER
ARTICUNO,1,POWDER SNOW
ARTICUNO,13,MIST
ARTICUNO,25,AGILITY
ARTICUNO,37,LOCK-ON
ARTICUNO,49,ICE BEAM
ARTICUNO,61,REFLECT
ARTICUNO,73,BLIZZARD
ARTICUNO,85,SHEER COLD
ZAPDOS,1,PECK
ZAPDOS,1,THUNDERSHOCK
ZAPDOS,13,THUNDER WAVE
ZAPDOS,25,AGILITY
ZAPDOS,37,PROTECT
ZAPDOS,49,DRILL PECK
ZAPDOS,61,CHARGE UP
ZAPDOS,73,LIGHT SCREEN
ZAPDOS,85,THUNDER
MOLTRES,1,WING ATTACK
MOLTRES,1,EMBER
MOLTRES,13,FIRE SPIN
MOLTRES,25,AGILITY
MOLTRES,37,ENDURE
MOLTRES,49,FLAMETHROWER
MOLTRES,61,SAFEGUARD
MOLTRES,73,HEAT WAVE
MOLTRES,85,SKY ATTACK
DRATINI,1,BIND
DRATINI,1,LEER
DRATINI,8,THUNDER WAVE
DRATINI,15,TWISTER
DRATINI,22,DRAGON RAGE
DRATINI,29,HYPER VOICE
DRATINI,36,AGILITY
DRATINI,43,SAFEGUARD
DRATINI,50,OUTRAGE
DRATINI,57,HYPER BEAM
DRAGONAIR,1,BIND
DRAGONAIR,1,LEER
DRAGONAIR,1,THUNDER WAVE
DRAGONAIR,1,TWISTER
DRAGONAIR,8,THUNDER WAVE
DRAGONAIR,15,TWISTER
DRAGONAIR,22,DRAGON RAGE
DRAGONAIR,29,HYPER VOICE
DRAGONAIR,38,AGILITY
DRAGONAIR,47,SAFEGUARD
DRAGONAIR,56,OUTRAGE
DRAGONAIR,65,HYPER BEAM
DRAGONITE,1,BIND
DRAGONITE,1,LEER
DRAGONITE,1,THUNDER WAVE
DRAGONITE,1,TWISTER
DRAGONITE,8,THUNDER WAVE
DRAGONITE,15,TWISTER
DRAGONITE,22,DRAGON RAGE
DRAGONITE,29,HYPER VOICE
DRAGONITE,38,AGILITY
DRAGONITE,47,SAFEGUARD
DRAGONITE,55,WING ATTACK
DRAGONITE,61,OUTRAGE
DRAGONITE,75,HYPER BEAM
MEWTWO,1,CONFUSION
MEWTWO,1,DISABLE
MEWTWO,11,IRON DEFENSE
MEWTWO,22,MIST
MEWTWO,33,SWIFT
MEWTWO,44,RECOVER
MEWTWO,55,SAFEGUARD
MEWTWO,66,PSYCHIC
MEWTWO,77,PSYCH UP
MEWTWO,88,FUTURE SIGHT
MEWTWO,99,AMNESIA
MEW,1,SCRATCH
MEW,10,TRANSFORM
MEW,20,MEGA PUNCH
MEW,30,METRONOME
MEW,40,PSYCHIC
MEW,50,ANCIENTPOWER
SNIVY,1,TACKLE
SNIVY,1,GROWL
SNIVY,8,RAZOR LEAF
SNIVY,12,REFLECT
SNIVY,15,POISONPOWDER
SNIVY,22,MORNING SUN
SNIVY,29,BODY SLAM
SNIVY,36,LIGHT SCREEN
SNIVY,43,SAFEGUARD
SNIVY,50,SOLARBEAM
SERVINE,1,TACKLE
SERVINE,1,GROWL
SERVINE,1,RAZOR LEAF
SERVINE,1,REFLECT
SERVINE,8,RAZOR LEAF
SERVINE,12,REFLECT
SERVINE,15,POISONPOWDER
SERVINE,23,MORNING SUN
SERVINE,31,BODY SLAM
SERVINE,39,LIGHT SCREEN
SERVINE,47,SAFEGUARD
SERVINE,55,SOLARBEAM
SPIRITREE,1,TACKLE
SPIRITREE,1,GROWL
SPIRITREE,1,RAZOR LEAF
SPIRITREE,1,REFLECT
SPIRITREE,8,RAZOR LEAF
SPIRITREE,12,REFLECT
SPIRITREE,15,POISONPOWDER
SPIRITREE,23,MORNING SUN
SPIRITREE,31,BODY SLAM
SPIRITREE,41,LIGHT SCREEN
SPIRITREE,51,SAFEGUARD
SPIRITREE,61,SOLARBEAM
CYNDAQUIL,1,TACKLE
CYNDAQUIL,1,LEER
CYNDAQUIL,8,EMBER
CYNDAQUIL,12,SAND-ATTACK
CYNDAQUIL,19,QUICK ATTACK
CYNDAQUIL,27,FLAME WHEEL
CYNDAQUIL,36,SWIFT
CYNDAQUIL,46,FLAMETHROWER
QUILAVA,1,TACKLE
QUILAVA,1,LEER
QUILAVA,1,SAND-ATTACK
QUILAVA,6,SAND-ATTACK
QUILAVA,12,EMBER
QUILAVA,21,QUICK ATTACK
QUILAVA,31,FLAME WHEEL
QUILAVA,42,SWIFT
QUILAVA,54,FLAMETHROWER
SEPTEMBER,1,TACKLE
SEPTEMBER,1,LEER
SEPTEMBER,1,SAND-ATTACK
SEPTEMBER,1,EMBER
SEPTEMBER,6,SAND-ATTACK
SEPTEMBER,12,EMBER
SEPTEMBER,21,QUICK ATTACK
SEPTEMBER,31,FLAME WHEEL
SEPTEMBER,45,SWIFT
SEPTEMBER,60,FLAMETHROWER
TOTODILE,1,SCRATCH
TOTODILE,1,LEER
TOTODILE,8,WATER GUN
TOTODILE,12,RAGE
TOTODILE,20,BITE
TOTODILE,27,COTTON SPORE
TOTODILE,35,SLASH
TOTODILE,43,SCREECH
TOTODILE,52,HYDRO PUMP
CROCONAW,1,SCRATCH
CROCONAW,1,LEER
CROCONAW,1,RAGE
CROCONAW,7,RAGE
CROCONAW,13,WATER GUN
CROCONAW,21,BITE
CROCONAW,28,COTTON SPORE
CROCONAW,37,SLASH
CROCONAW,45,SCREECH
CROCONAW,55,HYDRO PUMP
REXOBOXER,1,SCRATCH
REXOBOXER,1,LEER
REXOBOXER,1,RAGE
REXOBOXER,1,WATER GUN
REXOBOXER,7,RAGE
REXOBOXER,13,WATER GUN
REXOBOXER,21,BITE
REXOBOXER,28,COTTON SPORE
REXOBOXER,38,SLASH
REXOBOXER,47,SCREECH
REXOBOXER,58,HYDRO PUMP
BIDOOF,1,SCRATCH
BIDOOF,4,DEFENSE CURL
BIDOOF,7,QUICK ATTACK
BIDOOF,12,FURY SWIPES
BIDOOF,17,KILING SPREE
BIDOOF,24,HYPER VOICE
BIDOOF,31,FOLLOW ME
BIDOOF,40,REST
BIDOOF,49,AMNESIA
BIBAREL,1,SCRATCH
BIBAREL,1,DEFENSE CURL
BIBAREL,1,QUICK ATTACK
BIBAREL,4,DEFENSE CURL
BIBAREL,7,QUICK ATTACK
BIBAREL,12,FURY SWIPES
BIBAREL,19,KILING SPREE
BIBAREL,28,HYPER VOICE
BIBAREL,37,FOLLOW ME
BIBAREL,48,REST
BIBAREL,59,AMNESIA
HOOTHOOT,1,TACKLE
HOOTHOOT,1,GROWL
HOOTHOOT,6,ODOR SLEUTH
HOOTHOOT,11,PECK
HOOTHOOT,16,HYPNOSIS
HOOTHOOT,22,REFLECT
HOOTHOOT,28,TAKE DOWN
HOOTHOOT,34,CONFUSION
HOOTHOOT,48,DREAM EATER
NOCTOWL,1,TACKLE
NOCTOWL,1,GROWL
NOCTOWL,1,ODOR SLEUTH
NOCTOWL,1,PECK
NOCTOWL,6,ODOR SLEUTH
NOCTOWL,11,PECK
NOCTOWL,16,HYPNOSIS
NOCTOWL,25,REFLECT
NOCTOWL,33,TAKE DOWN
NOCTOWL,41,CONFUSION
NOCTOWL,57,DREAM EATER
KRICKETOT,1,TACKLE
KRICKETOT,8,TEETER DANCE
KRICKETOT,15,FURY SWIPES
KRICKETOT,22,LIGHT SCREEN
KRICKETOT,22,REFLECT
KRICKETOT,22,SAFEGUARD
KRICKETOT,29,BATON PASS
KRICKETOT,36,SWIFT
KRICKETOT,43,AGILITY
KRICKETOT,50,DOUBLE-EDGE
KRICKETUNE,1,TACKLE
KRICKETUNE,1,TEETER DANCE
KRICKETUNE,8,TEETER DANCE
KRICKETUNE,15,FURY SWIPES
KRICKETUNE,24,LIGHT SCREEN
KRICKETUNE,24,REFLECT
KRICKETUNE,24,SAFEGUARD
KRICKETUNE,33,BATON PASS
KRICKETUNE,42,SWIFT
KRICKETUNE,51,AGILITY
KRICKETUNE,60,DOUBLE-EDGE
SPINARAK,1,POISON STING
SPINARAK,1,STRING SHOT
SPINARAK,6,COTTON SPORE
SPINARAK,11,SEAQUAKE
SPINARAK,17,NIGHT SHADE
SPINARAK,23,LEECH LIFE
SPINARAK,30,FURY SWIPES
SPINARAK,37,MEAN LOOK
SPINARAK,45,AGILITY
SPINARAK,53,PSYCHIC
ARIADOS,1,POISON STING
ARIADOS,1,STRING SHOT
ARIADOS,1,COTTON SPORE
ARIADOS,1,SEAQUAKE
ARIADOS,6,STRING SHOT
ARIADOS,11,SEAQUAKE
ARIADOS,17,NIGHT SHADE
ARIADOS,25,LEECH LIFE
ARIADOS,34,FURY SWIPES
ARIADOS,43,MEAN LOOK
ARIADOS,53,AGILITY
ARIADOS,63,PSYCHIC
CROBAT,1,SCREECH
CROBAT,1,LEECH LIFE
CROBAT,1,ASTONISH
CROBAT,1,TEETER DANCE
CROBAT,6,ASTONISH
CROBAT,11,TEETER DANCE
CROBAT,16,BITE
CROBAT,21,WING ATTACK
CROBAT,28,CONFUSE RAY
CROBAT,35,AIR CUTTER
CROBAT,42,MEAN LOOK
CROBAT,49,POISON FANG
CROBAT,56,HAZE
CHINCHOU,1,BUBBLE
CHINCHOU,1,THUNDER WAVE
CHINCHOU,5,CONFUSE RAY
CHINCHOU,13,FLAIL
CHINCHOU,17,WATER GUN
CHINCHOU,25,SPARK
CHINCHOU,29,CONFUSE RAY
CHINCHOU,37,TAKE DOWN
CHINCHOU,41,HYDRO PUMP
CHINCHOU,49,CHARGE UP
LANTURN,1,BUBBLE
LANTURN,1,THUNDER WAVE
LANTURN,1,CONFUSE RAY
LANTURN,5,CONFUSE RAY
LANTURN,13,FLAIL
LANTURN,17,WATER GUN
LANTURN,25,SPARK
LANTURN,32,CONFUSE RAY
LANTURN,43,TAKE DOWN
LANTURN,50,HYDRO PUMP
LANTURN,61,CHARGE UP
PICHU,1,THUNDERSHOCK
PICHU,1,CHARM
PICHU,6,TAIL WHIP
PICHU,8,THUNDER WAVE
PICHU,11,TEETER DANCE
ZORUA,1,TACKLE
ZORUA,1,CHARM
ZORUA,4,ENCORE
ZORUA,8,SING
ZORUA,13,TEETER DANCE
ZORUA,17,MAGICAL LEAF
ZOROARK,1,SING
ZOROARK,1,CHARM
ZOROARK,4,DEFENSE CURL
ZOROARK,9,TACKLE
ZOROARK,14,TEETER DANCE
TOGEPI,1,GROWL
TOGEPI,1,CHARM
TOGEPI,4,METRONOME
TOGEPI,9,TEETER DANCE
TOGEPI,13,YAWN
TOGEPI,17,ENCORE
TOGEPI,21,ANCIENTPOWER
TOGEPI,25,FOLLOW ME
TOGEPI,29,WISH
TOGEPI,33,SAFEGUARD
TOGEPI,37,DOUBLE-EDGE
TOGEPI,41,BATON PASS
TOGETIC,1,MAGICAL LEAF
TOGETIC,1,GROWL
TOGETIC,1,CHARM
TOGETIC,1,METRONOME
TOGETIC,1,TEETER DANCE
TOGETIC,4,METRONOME
TOGETIC,9,TEETER DANCE
TOGETIC,13,YAWN
TOGETIC,17,ENCORE
TOGETIC,21,ANCIENTPOWER
TOGETIC,25,FOLLOW ME
TOGETIC,29,WISH
TOGETIC,33,SAFEGUARD
TOGETIC,37,DOUBLE-EDGE
TOGETIC,41,BATON PASS
PIDOVE,1,PECK
PIDOVE,1,LEER
PIDOVE,10,NIGHT SHADE
PIDOVE,20,TELEPORT
PIDOVE,30,WISH
PIDOVE,30,FUTURE SIGHT
PIDOVE,40,CONFUSE RAY
PIDOVE,50,PSYCHIC
UNFEZANT,1,PECK
UNFEZANT,1,LEER
UNFEZANT,10,NIGHT SHADE
UNFEZANT,20,TELEPORT
UNFEZANT,35,WISH
UNFEZANT,35,FUTURE SIGHT
UNFEZANT,50,CONFUSE RAY
UNFEZANT,65,PSYCHIC
MAREEP,1,TACKLE
MAREEP,1,GROWL
MAREEP,9,THUNDERSHOCK
MAREEP,16,THUNDER WAVE
MAREEP,23,COTTON SPORE
MAREEP,30,LIGHT SCREEN
MAREEP,37,THUNDER
FLAAFFY,1,TACKLE
FLAAFFY,1,GROWL
FLAAFFY,1,THUNDERSHOCK
FLAAFFY,9,THUNDERSHOCK
FLAAFFY,18,THUNDER WAVE
FLAAFFY,27,COTTON SPORE
FLAAFFY,36,LIGHT SCREEN
FLAAFFY,45,THUNDER
AMPHAROS,1,TACKLE
AMPHAROS,1,GROWL
AMPHAROS,1,THUNDERSHOCK
AMPHAROS,1,THUNDER WAVE
AMPHAROS,9,THUNDERSHOCK
AMPHAROS,18,THUNDER WAVE
AMPHAROS,27,COTTON SPORE
AMPHAROS,30,THUNDERPUNCH
AMPHAROS,42,LIGHT SCREEN
AMPHAROS,57,THUNDER
SUNBLOOM,1,ABSORB
SUNBLOOM,1,SWEET SCENT
SUNBLOOM,1,STUN SPORE
SUNBLOOM,1,MAGICAL LEAF
SUNBLOOM,44,PETAL DANCE
SUNBLOOM,55,SOLARBEAM
METALLOY,1,TACKLE
METALLOY,3,DEFENSE CURL
METALLOY,6,TAIL WHIP
METALLOY,10,WATER GUN
METALLOY,15,ROLLOUT
METALLOY,21,BUBBLEBEAM
METALLOY,28,DOUBLE-EDGE
METALLOY,36,RAIN DANCE
METALLOY,45,HYDRO PUMP
AZUMETAL,1,TACKLE
AZUMETAL,1,DEFENSE CURL
AZUMETAL,1,TAIL WHIP
AZUMETAL,1,WATER GUN
AZUMETAL,3,DEFENSE CURL
AZUMETAL,6,TAIL WHIP
AZUMETAL,10,WATER GUN
AZUMETAL,15,ROLLOUT
AZUMETAL,24,BUBBLEBEAM
AZUMETAL,34,DOUBLE-EDGE
AZUMETAL,45,RAIN DANCE
AZUMETAL,57,HYDRO PUMP
GALLADE,1,ROCK THROW
GALLADE,1,MIMIC
GALLADE,9,FLAIL
GALLADE,17,LOW KICK
GALLADE,25,ROCK SLIDE
GALLADE,33,MEAN LOOK
GALLADE,41,FAINT ATTACK
GALLADE,49,HYPER VOICE
GALLADE,57,DOUBLE-EDGE
POLIFLARE,1,WATER GUN
POLIFLARE,1,HYPNOSIS
POLIFLARE,1,FURY SWIPES
POLIFLARE,1,PERISH SONG
POLIFLARE,35,PERISH SONG
POLIFLARE,51,SWAGGER
SHINX,1,SPLASH
SHINX,5,MORNING SUN
SHINX,5,TAIL WHIP
SHINX,10,TACKLE
SHINX,13,POISONPOWDER
SHINX,15,STUN SPORE
SHINX,17,SLEEP POWDER
SHINX,20,LEECH SEED
SHINX,25,COTTON SPORE
SHINX,30,MEGA DRAIN
LUXIO,1,SPLASH
LUXIO,1,MORNING SUN
LUXIO,1,TAIL WHIP
LUXIO,1,TACKLE
LUXIO,5,MORNING SUN
LUXIO,5,TAIL WHIP
LUXIO,10,TACKLE
LUXIO,13,POISONPOWDER
LUXIO,15,STUN SPORE
LUXIO,17,SLEEP POWDER
LUXIO,22,LEECH SEED
LUXIO,29,COTTON SPORE
LUXIO,36,MEGA DRAIN
LUXRAY,1,SPLASH
LUXRAY,1,MORNING SUN
LUXRAY,1,TAIL WHIP
LUXRAY,1,TACKLE
LUXRAY,5,MORNING SUN
LUXRAY,5,TAIL WHIP
LUXRAY,10,TACKLE
LUXRAY,13,POISONPOWDER
LUXRAY,15,STUN SPORE
LUXRAY,17,SLEEP POWDER
LUXRAY,22,LEECH SEED
LUXRAY,33,COTTON SPORE
LUXRAY,44,MEGA DRAIN
PANDARA,1,SCRATCH
PANDARA,1,TAIL WHIP
PANDARA,6,SAND-ATTACK
PANDARA,13,ASTONISH
PANDARA,18,BATON PASS
PANDARA,25,TICKLE
PANDARA,31,FURY SWIPES
PANDARA,38,SWIFT
PANDARA,43,SCREECH
PANDARA,50,AGILITY
RIOLU,1,ABSORB
RIOLU,6,GROWTH
RIOLU,13,MEGA DRAIN
RIOLU,18,INGRAIN
RIOLU,25,ENDEAVOR
RIOLU,30,SUNNY DAY
RIOLU,37,MORNING SUN
RIOLU,42,GIGA DRAIN
LUCARIO,1,ABSORB
LUCARIO,1,TACKLE
LUCARIO,6,GROWTH
LUCARIO,13,RAZOR LEAF
LUCARIO,18,INGRAIN
LUCARIO,25,BULLET SEED
LUCARIO,30,SUNNY DAY
LUCARIO,37,PETAL DANCE
LUCARIO,42,SOLARBEAM
GONIX,1,TACKLE
GONIX,1,ODOR SLEUTH
GONIX,6,QUICK ATTACK
GONIX,12,DOUBLE TEAM
GONIX,17,RAGE FIST
GONIX,23,HYPNOSIS
GONIX,28,PROTECT
GONIX,34,UPROAR
GONIX,39,WING ATTACK
GONIX,45,TEETER DANCE
GONIX,50,SCREECH
WOOPER,1,WATER GUN
WOOPER,1,TAIL WHIP
WOOPER,11,HYPER VOICE
WOOPER,16,MUD SHOT
WOOPER,21,AMNESIA
WOOPER,31,YAWN
WOOPER,36,EARTHQUAKE
WOOPER,41,RAIN DANCE
WOOPER,51,MIST
WOOPER,51,HAZE
QUAGSIRE,1,WATER GUN
QUAGSIRE,1,TAIL WHIP
QUAGSIRE,11,HYPER VOICE
QUAGSIRE,16,MUD SHOT
QUAGSIRE,23,AMNESIA
QUAGSIRE,35,YAWN
QUAGSIRE,42,EARTHQUAKE
QUAGSIRE,49,RAIN DANCE
QUAGSIRE,61,MIST
QUAGSIRE,61,HAZE
ESPEON,1,TACKLE
ESPEON,1,TAIL WHIP
ESPEON,1,KILING SPREE
ESPEON,8,SAND-ATTACK
ESPEON,16,CONFUSION
ESPEON,23,QUICK ATTACK
ESPEON,30,SWIFT
ESPEON,36,PSYBEAM
ESPEON,42,PSYCH UP
ESPEON,47,PSYCHIC
ESPEON,52,MORNING SUN
UMBREON,1,TACKLE
UMBREON,1,TAIL WHIP
UMBREON,1,KILING SPREE
UMBREON,8,SAND-ATTACK
UMBREON,16,PURSUIT
UMBREON,23,QUICK ATTACK
UMBREON,30,CONFUSE RAY
UMBREON,36,FAINT ATTACK
UMBREON,42,MEAN LOOK
UMBREON,47,SCREECH
UMBREON,52,MOONLIGHT
SANDILE,1,PECK
SANDILE,9,ASTONISH
SANDILE,14,PURSUIT
SANDILE,22,HAZE
SANDILE,27,NIGHT SHADE
SANDILE,35,FAINT ATTACK
SANDILE,40,TAUNT
SANDILE,48,MEAN LOOK
KROKOROK,1,CURSE
KROKOROK,1,YAWN
KROKOROK,1,TACKLE
KROKOROK,6,GROWL
KROKOROK,13,WATER GUN
KROKOROK,17,CONFUSION
KROKOROK,24,DISABLE
KROKOROK,29,HEADBUTT
KROKOROK,36,SWAGGER
KROKOROK,40,PSYCHIC
KROKOROK,47,PSYCH UP
KROOKODILE,1,GROWL
KROOKODILE,1,PSYWAVE
KROOKODILE,6,SPITE
KROOKODILE,11,ASTONISH
KROOKODILE,17,CONFUSE RAY
KROOKODILE,23,MEAN LOOK
KROOKODILE,30,PSYBEAM
KROOKODILE,37,PAIN SPLIT
KROOKODILE,45,PERISH SONG
KROOKODILE,53,GRUDGE
UNOWN,1,HIDDEN POWER
WOBBUFFET,1,COUNTER
WOBBUFFET,1,MIRROR COAT
WOBBUFFET,1,SAFEGUARD
WOBBUFFET,1,DESTINY BOND
BOOMER,1,TACKLE
BOOMER,1,GROWL
BOOMER,7,ASTONISH
BOOMER,13,CONFUSION
BOOMER,19,STOMP
BOOMER,25,ODOR SLEUTH
BOOMER,31,AGILITY
BOOMER,37,BATON PASS
BOOMER,43,PSYBEAM
BOOMER,49,CRUNCH
PINECO,1,TACKLE
PINECO,1,PROTECT
PINECO,8,EXPLOSION
PINECO,15,TAKE DOWN
PINECO,22,RAPID SPIN
PINECO,29,BIDE
PINECO,36,EXPLOSION
PINECO,43,SPIKES
PINECO,50,DOUBLE-EDGE
FORRETRESS,1,TACKLE
FORRETRESS,1,PROTECT
FORRETRESS,1,EXPLOSION
FORRETRESS,8,EXPLOSION
FORRETRESS,15,TAKE DOWN
FORRETRESS,22,RAPID SPIN
FORRETRESS,29,BIDE
FORRETRESS,31,ZAP CANNON
FORRETRESS,39,EXPLOSION
FORRETRESS,49,SPIKES
FORRETRESS,59,DOUBLE-EDGE
KLEAVOR,1,RAGE
KLEAVOR,4,DEFENSE CURL
KLEAVOR,11,YAWN
KLEAVOR,14,THUNDER WAVE
KLEAVOR,21,ROLLOUT
KLEAVOR,24,SPITE
KLEAVOR,31,PURSUIT
KLEAVOR,34,SCREECH
KLEAVOR,41,TAKE DOWN
KLEAVOR,44,FLAIL
KLEAVOR,51,ENDEAVOR
LEVISCOR,1,POISON STING
LEVISCOR,6,SAND-ATTACK
LEVISCOR,13,HARDEN
LEVISCOR,20,QUICK ATTACK
LEVISCOR,28,FAINT ATTACK
LEVISCOR,36,SLASH
LEVISCOR,44,SCREECH
LEVISCOR,52,GUILLOTINE
STEELIX,1,TACKLE
STEELIX,1,SCREECH
STEELIX,8,BIND
STEELIX,12,ROCK THROW
STEELIX,19,HARDEN
STEELIX,23,RAGE
STEELIX,30,DRAGONBREATH
STEELIX,34,SANDSTORM
STEELIX,41,HYPER VOICE
STEELIX,45,IRON TAIL
STEELIX,52,CRUNCH
STEELIX,56,DOUBLE-EDGE
ELECTOX,1,TACKLE
ELECTOX,1,COTTON SPORE
ELECTOX,4,TAIL WHIP
ELECTOX,8,CHARM
ELECTOX,13,BITE
ELECTOX,19,LICK
ELECTOX,26,ROAR
ELECTOX,34,RAGE
ELECTOX,43,TAKE DOWN
ELECTOX,53,CRUNCH
VAMPERE,1,TACKLE
VAMPERE,1,COTTON SPORE
VAMPERE,4,TAIL WHIP
VAMPERE,8,CHARM
VAMPERE,13,BITE
VAMPERE,19,LICK
VAMPERE,28,ROAR
VAMPERE,38,RAGE
VAMPERE,49,TAKE DOWN
VAMPERE,61,CRUNCH
CHARCADET,1,SPIKES
CHARCADET,1,TACKLE
CHARCADET,1,POISON STING
CHARCADET,9,HARDEN
CHARCADET,9,MINIMIZE
CHARCADET,13,WATER GUN
CHARCADET,21,PIN MISSILE
CHARCADET,25,REVENGE
CHARCADET,33,TAKE DOWN
CHARCADET,37,HYDRO PUMP
CHARCADET,45,DESTINY BOND
SCIZOR,1,QUICK ATTACK
SCIZOR,1,LEER
SCIZOR,6,FOCUS ENERGY
SCIZOR,11,PURSUIT
SCIZOR,16,FALSE SWIPE
SCIZOR,21,AGILITY
SCIZOR,26,METAL CLAW
SCIZOR,31,SLASH
SCIZOR,36,SWORDS DANCE
SCIZOR,41,IRON DEFENSE
SCIZOR,46,FURY CUTTER
KLEAVOR,1,SEAQUAKE
KLEAVOR,1,HARDEN
KLEAVOR,9,BIND
KLEAVOR,14,ENCORE
KLEAVOR,23,SAFEGUARD
KLEAVOR,28,BIDE
KLEAVOR,37,REST
HERACROSS,1,TACKLE
HERACROSS,1,LEER
HERACROSS,6,HORN ATTACK
HERACROSS,11,ENDURE
HERACROSS,17,FURY SWIPES
HERACROSS,23,BRICK BREAK
HERACROSS,30,COUNTER
HERACROSS,37,TAKE DOWN
HERACROSS,45,REVERSAL
HERACROSS,53,MEGAHORN
SNEEZLE,1,SCRATCH
SNEEZLE,1,LEER
SNEEZLE,1,TAUNT
SNEEZLE,8,QUICK ATTACK
SNEEZLE,15,SCREECH
SNEEZLE,22,FAINT ATTACK
SNEEZLE,29,FURY SWIPES
SNEEZLE,36,AGILITY
SNEEZLE,43,ICY WIND
SNEEZLE,50,SLASH
SNEEZLE,57,AURA SPHERE
SNEEZLE,64,METAL CLAW
TEDDIURSA,1,SCRATCH
TEDDIURSA,1,LEER
TEDDIURSA,7,LICK
TEDDIURSA,13,FURY SWIPES
TEDDIURSA,19,METAL SOUND
TEDDIURSA,25,FAINT ATTACK
TEDDIURSA,31,REST
TEDDIURSA,37,SLASH
TEDDIURSA,43,SNORE
TEDDIURSA,49,THRASH
URSARING,1,SCRATCH
URSARING,1,LEER
URSARING,1,LICK
URSARING,1,FURY SWIPES
URSARING,7,LICK
URSARING,13,FURY SWIPES
URSARING,19,METAL SOUND
URSARING,25,FAINT ATTACK
URSARING,31,REST
URSARING,37,SLASH
URSARING,43,SNORE
URSARING,49,THRASH
SLUGMA,1,YAWN
SLUGMA,1,SLUDGE
SLUGMA,8,EMBER
SLUGMA,15,ROCK THROW
SLUGMA,22,HARDEN
SLUGMA,29,AMNESIA
SLUGMA,36,FLAMETHROWER
SLUGMA,43,ROCK SLIDE
SLUGMA,50,BODY SLAM
MAGCARGO,1,YAWN
MAGCARGO,1,SLUDGE
MAGCARGO,1,EMBER
MAGCARGO,1,ROCK THROW
MAGCARGO,8,EMBER
MAGCARGO,15,ROCK THROW
MAGCARGO,22,HARDEN
MAGCARGO,29,AMNESIA
MAGCARGO,36,FLAMETHROWER
MAGCARGO,48,ROCK SLIDE
MAGCARGO,60,BODY SLAM
SWINUB,1,TACKLE
SWINUB,1,ODOR SLEUTH
SWINUB,10,POWDER SNOW
SWINUB,19,ENDURE
SWINUB,28,TAKE DOWN
SWINUB,37,MIST
SWINUB,46,BLIZZARD
SWINUB,55,AMNESIA
PILOSWINE,1,HORN ATTACK
PILOSWINE,1,ODOR SLEUTH
PILOSWINE,1,POWDER SNOW
PILOSWINE,1,ENDURE
PILOSWINE,10,POWDER SNOW
PILOSWINE,19,ENDURE
PILOSWINE,28,TAKE DOWN
PILOSWINE,33,FURY SWIPES
PILOSWINE,42,MIST
PILOSWINE,56,BLIZZARD
PILOSWINE,70,AMNESIA
DRACOON,1,TACKLE
DRACOON,6,HARDEN
DRACOON,12,BUBBLE
DRACOON,17,RECOVER
DRACOON,17,REFRESH
DRACOON,23,BUBBLEBEAM
DRACOON,28,FURY SWIPES
DRACOON,34,ROCK BLAST
DRACOON,39,MIRROR COAT
DRACOON,45,ANCIENTPOWER
ANCHORAGE,1,WATER GUN
ANCHORAGE,11,LOCK-ON
ANCHORAGE,22,PSYBEAM
ANCHORAGE,22,AURORA BEAM
ANCHORAGE,22,BUBBLEBEAM
ANCHORAGE,33,FOCUS ENERGY
ANCHORAGE,44,ICE BEAM
ANCHORAGE,55,HYPER BEAM
QUARTILERY,1,WATER GUN
QUARTILERY,11,SEAQUAKE
QUARTILERY,22,PSYBEAM
QUARTILERY,22,AURORA BEAM
QUARTILERY,22,BUBBLEBEAM
QUARTILERY,25,OCTAZOOKA
QUARTILERY,38,FOCUS ENERGY
QUARTILERY,54,ICE BEAM
QUARTILERY,70,HYPER BEAM
DELIBERD,1,PRESENT
MANTINE,1,TACKLE
MANTINE,1,BUBBLE
MANTINE,8,TEETER DANCE
MANTINE,15,BUBBLEBEAM
MANTINE,22,TAKE DOWN
MANTINE,29,AGILITY
MANTINE,36,WING ATTACK
MANTINE,43,WATER PULSE
MANTINE,50,CONFUSE RAY
SKARMORY,1,LEER
SKARMORY,1,PECK
SKARMORY,10,SAND-ATTACK
SKARMORY,13,SWIFT
SKARMORY,16,AGILITY
SKARMORY,26,FURY SWIPES
SKARMORY,29,AIR CUTTER
SKARMORY,32,STEEL WING
SKARMORY,42,SPIKES
SKARMORY,45,METAL SOUND
HOUNDOUR,1,LEER
HOUNDOUR,1,EMBER
HOUNDOUR,7,SHARPEN
HOUNDOUR,13,SLUDGE
HOUNDOUR,19,ROAR
HOUNDOUR,25,BITE
HOUNDOUR,31,ODOR SLEUTH
HOUNDOUR,37,FAINT ATTACK
HOUNDOUR,43,FLAMETHROWER
HOUNDOUR,49,CRUNCH
HOUNDOOM,1,LEER
HOUNDOOM,1,EMBER
HOUNDOOM,1,SHARPEN
HOUNDOOM,7,SHARPEN
HOUNDOOM,13,SLUDGE
HOUNDOOM,19,ROAR
HOUNDOOM,27,BITE
HOUNDOOM,35,ODOR SLEUTH
HOUNDOOM,43,FAINT ATTACK
HOUNDOOM,51,FLAMETHROWER
HOUNDOOM,59,CRUNCH
KINGDRA,1,BUBBLE
KINGDRA,1,SAND-ATTACK
KINGDRA,1,LEER
KINGDRA,1,WATER GUN
KINGDRA,8,SAND-ATTACK
KINGDRA,15,LEER
KINGDRA,22,WATER GUN
KINGDRA,29,TWISTER
KINGDRA,40,AGILITY
KINGDRA,51,HYDRO PUMP
KINGDRA,62,DRAGON DANCE
HYATI,1,ODOR SLEUTH
HYATI,1,TACKLE
HYATI,1,GROWL
HYATI,9,DEFENSE CURL
HYATI,17,FLAIL
HYATI,25,TAKE DOWN
HYATI,33,ROLLOUT
HYATI,41,ENDURE
HYATI,49,DOUBLE-EDGE
FENRIS,1,ODOR SLEUTH
FENRIS,1,HORN ATTACK
FENRIS,1,GROWL
FENRIS,9,DEFENSE CURL
FENRIS,17,FLAIL
FENRIS,25,FURY SWIPES
FENRIS,33,ROLLOUT
FENRIS,41,RAPID SPIN
FENRIS,49,EARTHQUAKE
PORYGON2,1,CONVERSION 2
PORYGON2,1,TACKLE
PORYGON2,1,HIDDEN SKILL
PORYGON2,9,AGILITY
PORYGON2,12,PSYBEAM
PORYGON2,20,RECOVER
PORYGON2,24,DEFENSE CURL
PORYGON2,32,LOCK-ON
PORYGON2,36,TRI ATTACK
PORYGON2,44,RECYCLE
PORYGON2,48,ZAP CANNON
BERDEER,1,TACKLE
BERDEER,7,LEER
BERDEER,11,ASTONISH
BERDEER,17,HYPNOSIS
BERDEER,21,STOMP
BERDEER,27,SAND-ATTACK
BERDEER,31,ROLE PLAY
BERDEER,37,TAKE DOWN
BERDEER,41,CONFUSE RAY
BERDEER,47,CALM MIND
SMEARGLE,1,SKETCH
SMEARGLE,11,SKETCH
SMEARGLE,21,SKETCH
SMEARGLE,31,SKETCH
SMEARGLE,41,SKETCH
SMEARGLE,51,SKETCH
SMEARGLE,61,SKETCH
SMEARGLE,71,SKETCH
SMEARGLE,81,SKETCH
SMEARGLE,91,SKETCH
TYROGUE,1,TACKLE
ANNIHILAPE,1,REVENGE
ANNIHILAPE,1,ROLLING KICK
ANNIHILAPE,7,FOCUS ENERGY
ANNIHILAPE,13,PURSUIT
ANNIHILAPE,19,QUICK ATTACK
ANNIHILAPE,20,TRIPLE KICK
ANNIHILAPE,25,RAPID SPIN
ANNIHILAPE,31,COUNTER
ANNIHILAPE,37,AGILITY
ANNIHILAPE,43,PROTECT
ANNIHILAPE,49,ENDEAVOR
MAMOSWINE,1,TACKLE
MAMOSWINE,1,LICK
MAMOSWINE,9,CONFUSE RAY
MAMOSWINE,13,POWDER SNOW
MAMOSWINE,21,CONFUSION
MAMOSWINE,25,SING
MAMOSWINE,33,MEAN LOOK
MAMOSWINE,37,METAL SOUND
MAMOSWINE,45,PSYCHIC
MAMOSWINE,49,PERISH SONG
MAMOSWINE,57,BLIZZARD
ELECTIVIRE,1,QUICK ATTACK
ELECTIVIRE,1,LEER
ELECTIVIRE,9,THUNDERPUNCH
ELECTIVIRE,17,LIGHT SCREEN
ELECTIVIRE,25,SWIFT
ELECTIVIRE,33,SCREECH
ELECTIVIRE,41,THUNDERBOLT
ELECTIVIRE,49,THUNDER
MAGMORTAR,1,EMBER
MAGMORTAR,7,LEER
MAGMORTAR,13,SLUDGE
MAGMORTAR,19,FIRE PUNCH
MAGMORTAR,25,SAND-ATTACK
MAGMORTAR,31,SUNNY DAY
MAGMORTAR,37,FLAMETHROWER
MAGMORTAR,43,CONFUSE RAY
MAGMORTAR,49,FIRE BLAST
MILTANK,1,TACKLE
MILTANK,4,GROWL
MILTANK,8,DEFENSE CURL
MILTANK,13,STOMP
MILTANK,19,LIFE ENERGY
MILTANK,26,BIDE
MILTANK,34,ROLLOUT
MILTANK,43,BODY SLAM
MILTANK,53,HEAL BELL
BLISSEY,1,TACKLE
BLISSEY,1,GROWL
BLISSEY,4,TAIL WHIP
BLISSEY,7,REFRESH
BLISSEY,10,LIFE ENERGY
BLISSEY,13,FURY SWIPES
BLISSEY,18,MINIMIZE
BLISSEY,23,SING
BLISSEY,28,HYPER VOICE
BLISSEY,33,DEFENSE CURL
BLISSEY,40,LIGHT SCREEN
BLISSEY,47,DOUBLE-EDGE
RAIKOU,1,BITE
RAIKOU,1,LEER
RAIKOU,11,THUNDERSHOCK
RAIKOU,21,ROAR
RAIKOU,31,QUICK ATTACK
RAIKOU,41,SPARK
RAIKOU,51,REFLECT
RAIKOU,61,CRUNCH
RAIKOU,71,THUNDER
RAIKOU,81,CALM MIND
ENTEI,1,BITE
ENTEI,1,LEER
ENTEI,11,EMBER
ENTEI,21,ROAR
ENTEI,31,FIRE SPIN
ENTEI,41,STOMP
ENTEI,51,FLAMETHROWER
ENTEI,61,SWAGGER
ENTEI,71,FIRE BLAST
ENTEI,81,CALM MIND
SUICUNE,1,BITE
SUICUNE,1,LEER
SUICUNE,11,BUBBLEBEAM
SUICUNE,21,RAIN DANCE
SUICUNE,31,TWISTER
SUICUNE,41,AURORA BEAM
SUICUNE,51,MIST
SUICUNE,61,MIRROR COAT
SUICUNE,71,HYDRO PUMP
SUICUNE,81,CALM MIND
LARVITAR,1,BITE
LARVITAR,1,LEER
LARVITAR,8,SANDSTORM
LARVITAR,15,SCREECH
LARVITAR,22,ROCK SLIDE
LARVITAR,29,THRASH
LARVITAR,36,STRING SHOT
LARVITAR,43,CRUNCH
LARVITAR,50,EARTHQUAKE
LARVITAR,57,HYPER BEAM
PUPITAR,1,BITE
PUPITAR,1,LEER
PUPITAR,1,SANDSTORM
PUPITAR,1,SCREECH
PUPITAR,8,SANDSTORM
PUPITAR,15,SCREECH
PUPITAR,22,ROCK SLIDE
PUPITAR,29,THRASH
PUPITAR,38,STRING SHOT
PUPITAR,47,CRUNCH
PUPITAR,56,EARTHQUAKE
PUPITAR,65,HYPER BEAM
TYRANITAR,1,BITE
TYRANITAR,1,LEER
TYRANITAR,1,SANDSTORM
TYRANITAR,1,SCREECH
TYRANITAR,8,SANDSTORM
TYRANITAR,15,SCREECH
TYRANITAR,22,ROCK SLIDE
TYRANITAR,29,THRASH
TYRANITAR,38,STRING SHOT
TYRANITAR,47,CRUNCH
TYRANITAR,61,EARTHQUAKE
TYRANITAR,75,HYPER BEAM
LUGIA,1,WHIRLWIND
LUGIA,11,SAFEGUARD
LUGIA,22,TWISTER
LUGIA,33,RECOVER
LUGIA,44,HYDRO PUMP
LUGIA,55,RAIN DANCE
LUGIA,66,SWIFT
LUGIA,77,AEROBLAST
LUGIA,88,ANCIENTPOWER
LUGIA,99,FUTURE SIGHT
HOOH,1,WHIRLWIND
HOOH,11,SAFEGUARD
HOOH,22,TWISTER
HOOH,33,RECOVER
HOOH,44,FIRE BLAST
HOOH,55,SUNNY DAY
HOOH,66,SWIFT
HOOH,77,SACRED FIRE
HOOH,88,ANCIENTPOWER
HOOH,99,FUTURE SIGHT
CELEBI,1,LEECH SEED
CELEBI,1,CONFUSION
CELEBI,1,RECOVER
CELEBI,1,HEAL BELL
CELEBI,10,SAFEGUARD
CELEBI,20,ANCIENTPOWER
CELEBI,30,FUTURE SIGHT
CELEBI,40,BATON PASS
CELEBI,50,PERISH SONG
SPECIES252,1,TACKLE
SPECIES253,1,TACKLE
SPECIES254,1,TACKLE
SPECIES255,1,TACKLE
SPECIES256,1,TACKLE
SPECIES257,1,TACKLE
SPECIES258,1,TACKLE
SPECIES259,1,TACKLE
SPECIES260,1,TACKLE
SPECIES261,1,TACKLE
SPECIES262,1,TACKLE
SPECIES263,1,TACKLE
SPECIES264,1,TACKLE
SPECIES265,1,TACKLE
SPECIES266,1,TACKLE
SPECIES267,1,TACKLE
SPECIES268,1,TACKLE
SPECIES269,1,TACKLE
SPECIES270,1,TACKLE
SPECIES271,1,TACKLE
SPECIES272,1,TACKLE
SPECIES273,1,TACKLE
SPECIES274,1,TACKLE
SPECIES275,1,TACKLE
SPECIES276,1,TACKLE
TREECKO,1,SCRATCH
TREECKO,1,LEER
TREECKO,6,ABSORB
TREECKO,11,QUICK ATTACK
TREECKO,16,PURSUIT
TREECKO,21,SCREECH
TREECKO,26,MEGA DRAIN
TREECKO,31,AGILITY
TREECKO,36,HYPER VOICE
TREECKO,41,PROTECT
TREECKO,46,GIGA DRAIN
GROVYLE,1,SCRATCH
GROVYLE,1,LEER
GROVYLE,1,ABSORB
GROVYLE,1,QUICK ATTACK
GROVYLE,6,ABSORB
GROVYLE,11,QUICK ATTACK
GROVYLE,16,FURY CUTTER
GROVYLE,17,PURSUIT
GROVYLE,23,SCREECH
GROVYLE,29,LEAF BLADE
GROVYLE,35,AGILITY
GROVYLE,41,HYPER VOICE
GROVYLE,47,PROTECT
GROVYLE,53,FALSE SWIPE
SCEPTILE,1,SCRATCH
SCEPTILE,1,LEER
SCEPTILE,1,ABSORB
SCEPTILE,1,QUICK ATTACK
SCEPTILE,6,ABSORB
SCEPTILE,11,QUICK ATTACK
SCEPTILE,16,FURY CUTTER
SCEPTILE,17,PURSUIT
SCEPTILE,23,SCREECH
SCEPTILE,29,LEAF BLADE
SCEPTILE,35,AGILITY
SCEPTILE,43,HYPER VOICE
SCEPTILE,51,PROTECT
SCEPTILE,59,FALSE SWIPE
TORCHIC,1,SCRATCH
TORCHIC,1,GROWL
TORCHIC,7,FOCUS ENERGY
TORCHIC,10,EMBER
TORCHIC,16,PECK
TORCHIC,19,SAND-ATTACK
TORCHIC,25,FIRE SPIN
TORCHIC,28,QUICK ATTACK
TORCHIC,34,SLASH
TORCHIC,37,MIRROR MOVE
TORCHIC,43,FLAMETHROWER
COMBUSKEN,1,SCRATCH
COMBUSKEN,1,GROWL
COMBUSKEN,1,FOCUS ENERGY
COMBUSKEN,1,EMBER
COMBUSKEN,7,FOCUS ENERGY
COMBUSKEN,13,EMBER
COMBUSKEN,16,DOUBLE KICK
COMBUSKEN,17,PECK
COMBUSKEN,21,SAND-ATTACK
COMBUSKEN,28,BULK UP
COMBUSKEN,32,QUICK ATTACK
COMBUSKEN,39,SLASH
COMBUSKEN,43,MIRROR MOVE
COMBUSKEN,50,SKY UPPERCUT
BLAZIKEN,1,FIRE PUNCH
BLAZIKEN,1,SCRATCH
BLAZIKEN,1,GROWL
BLAZIKEN,1,FOCUS ENERGY
BLAZIKEN,1,EMBER
BLAZIKEN,7,FOCUS ENERGY
BLAZIKEN,13,EMBER
BLAZIKEN,16,DOUBLE KICK
BLAZIKEN,17,PECK
BLAZIKEN,21,SAND-ATTACK
BLAZIKEN,28,BULK UP
BLAZIKEN,32,QUICK ATTACK
BLAZIKEN,36,BLAZE KICK
BLAZIKEN,42,SLASH
BLAZIKEN,49,MIRROR MOVE
BLAZIKEN,59,SKY UPPERCUT
MUDKIP,1,TACKLE
MUDKIP,1,GROWL
MUDKIP,6,MUD-SLAP
MUDKIP,10,WATER GUN
MUDKIP,15,BIDE
MUDKIP,19,ODOR SLEUTH
MUDKIP,24,EARTH POWER
MUDKIP,28,TAKE DOWN
MUDKIP,33,WHIRLPOOL
MUDKIP,37,PROTECT
MUDKIP,42,HYDRO PUMP
MUDKIP,46,ENDEAVOR
MARSHTOMP,1,TACKLE
MARSHTOMP,1,GROWL
MARSHTOMP,1,MUD-SLAP
MARSHTOMP,1,WATER GUN
MARSHTOMP,6,MUD-SLAP
MARSHTOMP,10,WATER GUN
MARSHTOMP,15,BIDE
MARSHTOMP,16,MUD SHOT
MARSHTOMP,20,ODOR SLEUTH
MARSHTOMP,25,EARTH POWER
MARSHTOMP,31,TAKE DOWN
MARSHTOMP,37,MUDDY WATER
MARSHTOMP,42,PROTECT
MARSHTOMP,46,EARTHQUAKE
MARSHTOMP,53,ENDEAVOR
SWAMPERT,1,TACKLE
SWAMPERT,1,GROWL
SWAMPERT,1,MUD-SLAP
SWAMPERT,1,WATER GUN
SWAMPERT,6,MUD-SLAP
SWAMPERT,10,WATER GUN
SWAMPERT,15,BIDE
SWAMPERT,16,MUD SHOT
SWAMPERT,20,ODOR SLEUTH
SWAMPERT,25,EARTH POWER
SWAMPERT,31,TAKE DOWN
SWAMPERT,39,MUDDY WATER
SWAMPERT,46,PROTECT
SWAMPERT,52,EARTHQUAKE
SWAMPERT,61,ENDEAVOR
POOCHYENA,1,TACKLE
POOCHYENA,5,SHARPEN
POOCHYENA,9,SAND-ATTACK
POOCHYENA,13,BITE
POOCHYENA,17,ODOR SLEUTH
POOCHYENA,21,ROAR
POOCHYENA,25,SWAGGER
POOCHYENA,29,COTTON SPORE
POOCHYENA,33,TAKE DOWN
POOCHYENA,37,TAUNT
POOCHYENA,41,CRUNCH
POOCHYENA,45,THIEF
MIGHTYENA,1,TACKLE
MIGHTYENA,1,SHARPEN
MIGHTYENA,1,SAND-ATTACK
MIGHTYENA,1,BITE
MIGHTYENA,5,SHARPEN
MIGHTYENA,9,SAND-ATTACK
MIGHTYENA,13,BITE
MIGHTYENA,17,ODOR SLEUTH
MIGHTYENA,22,ROAR
MIGHTYENA,27,SWAGGER
MIGHTYENA,32,COTTON SPORE
MIGHTYENA,37,TAKE DOWN
MIGHTYENA,42,TAUNT
MIGHTYENA,47,CRUNCH
MIGHTYENA,52,THIEF
ZIGZAGOON,1,TACKLE
ZIGZAGOON,1,GROWL
ZIGZAGOON,5,TAIL WHIP
ZIGZAGOON,9,HEADBUTT
ZIGZAGOON,13,SAND-ATTACK
ZIGZAGOON,17,ODOR SLEUTH
ZIGZAGOON,21,EARTH POWER
ZIGZAGOON,25,PIN MISSILE
ZIGZAGOON,29,NIGHT SLASH
ZIGZAGOON,33,FLAIL
ZIGZAGOON,37,REST
ZIGZAGOON,41,BELLY DRUM
LINOONE,1,TACKLE
LINOONE,1,GROWL
LINOONE,1,TAIL WHIP
LINOONE,1,HEADBUTT
LINOONE,5,TAIL WHIP
LINOONE,9,HEADBUTT
LINOONE,13,SAND-ATTACK
LINOONE,17,ODOR SLEUTH
LINOONE,23,EARTH POWER
LINOONE,29,FURY SWIPES
LINOONE,35,NIGHT SLASH
LINOONE,41,SLASH
LINOONE,47,REST
LINOONE,53,BELLY DRUM
OBSTAGOON,1,TACKLE
OBSTAGOON,1,STRING SHOT
OBSTAGOON,5,POISON STING
PANSAGE,1,HARDEN
PANSAGE,7,HARDEN
PANSEAR,1,ABSORB
PANSEAR,10,ABSORB
PANSEAR,13,TWISTER
PANSEAR,17,STUN SPORE
PANSEAR,20,MORNING SUN
PANSEAR,24,MEGA DRAIN
PANSEAR,27,WHIRLWIND
PANSEAR,31,ATTRACT
PANSEAR,34,SILVER WIND
PANSEAR,38,GIGA DRAIN
PANPOUR,1,HARDEN
PANPOUR,7,HARDEN
PANVOLT,1,CONFUSION
PANVOLT,10,CONFUSION
PANVOLT,13,TWISTER
PANVOLT,17,PROTECT
PANVOLT,20,MOONLIGHT
PANVOLT,24,PSYBEAM
PANVOLT,27,WHIRLWIND
PANVOLT,31,LIGHT SCREEN
PANVOLT,34,SILVER WIND
PANVOLT,38,TOXIC
LOTAD,1,ASTONISH
LOTAD,3,GROWL
LOTAD,7,ABSORB
LOTAD,13,NATURE POWER
LOTAD,21,MIST
LOTAD,31,RAIN DANCE
LOTAD,43,MEGA DRAIN
LOMBRE,1,ASTONISH
LOMBRE,3,GROWL
LOMBRE,7,ABSORB
LOMBRE,13,NATURE POWER
LOMBRE,19,FAKE OUT
LOMBRE,25,FURY SWIPES
LOMBRE,31,AZURE DRIVE
LOMBRE,37,THIEF
LOMBRE,43,UPROAR
LOMBRE,49,HYDRO PUMP
LUDICOLO,1,ASTONISH
LUDICOLO,1,GROWL
LUDICOLO,1,ABSORB
LUDICOLO,1,NATURE POWER
APPLIN,1,BIDE
APPLIN,3,HARDEN
APPLIN,7,GROWTH
APPLIN,13,NATURE POWER
APPLIN,21,MOONLIGHT
APPLIN,31,SUNNY DAY
APPLIN,43,EXPLOSION
FLAPPLE,1,SCRATCH
FLAPPLE,3,HARDEN
FLAPPLE,7,GROWTH
FLAPPLE,13,NATURE POWER
FLAPPLE,19,FAKE OUT
FLAPPLE,25,TORMENT
FLAPPLE,31,FAINT ATTACK
FLAPPLE,37,RAZOR WIND
FLAPPLE,43,SWAGGER
FLAPPLE,49,EXTRASENSORY
APPLETUN,1,SCRATCH
APPLETUN,1,HARDEN
APPLETUN,1,GROWTH
APPLETUN,1,NATURE POWER
NINCADA,1,SCRATCH
NINCADA,1,HARDEN
NINCADA,5,LEECH LIFE
NINCADA,9,SAND-ATTACK
NINCADA,14,FURY SWIPES
NINCADA,19,LOCK-ON
NINCADA,25,FALSE SWIPE
NINCADA,31,MUD-SLAP
NINCADA,38,METAL CLAW
NINCADA,45,DIG
NINJASK,1,SCRATCH
NINJASK,1,HARDEN
NINJASK,1,LEECH LIFE
NINJASK,1,SAND-ATTACK
NINJASK,5,LEECH LIFE
NINJASK,9,SAND-ATTACK
NINJASK,14,FURY SWIPES
NINJASK,19,LOCK-ON
NINJASK,20,DOUBLE TEAM
NINJASK,20,FURY CUTTER
NINJASK,20,SCREECH
NINJASK,25,SWORDS DANCE
NINJASK,31,SLASH
NINJASK,38,AGILITY
NINJASK,45,BATON PASS
SHEDINJA,1,SCRATCH
SHEDINJA,1,HARDEN
SHEDINJA,5,LEECH LIFE
SHEDINJA,9,SAND-ATTACK
SHEDINJA,14,FURY SWIPES
SHEDINJA,19,LOCK-ON
SHEDINJA,25,SPITE
SHEDINJA,31,CONFUSE RAY
SHEDINJA,38,SHADOW BALL
SHEDINJA,45,GRUDGE
TAILLOW,1,PECK
TAILLOW,1,GROWL
TAILLOW,4,FOCUS ENERGY
TAILLOW,8,QUICK ATTACK
TAILLOW,13,WING ATTACK
TAILLOW,19,DOUBLE TEAM
TAILLOW,26,ENDEAVOR
TAILLOW,34,AERIAL ACE
TAILLOW,43,AGILITY
SWELLOW,1,PECK
SWELLOW,1,GROWL
SWELLOW,1,FOCUS ENERGY
SWELLOW,1,QUICK ATTACK
SWELLOW,4,FOCUS ENERGY
SWELLOW,8,QUICK ATTACK
SWELLOW,13,WING ATTACK
SWELLOW,19,DOUBLE TEAM
SWELLOW,28,ENDEAVOR
SWELLOW,38,AERIAL ACE
SWELLOW,49,AGILITY
SHROOMISH,1,ABSORB
SHROOMISH,4,TACKLE
SHROOMISH,7,STUN SPORE
SHROOMISH,10,LEECH SEED
SHROOMISH,16,MEGA DRAIN
SHROOMISH,22,HEADBUTT
SHROOMISH,28,POISONPOWDER
SHROOMISH,36,GROWTH
SHROOMISH,45,GIGA DRAIN
SHROOMISH,54,SPORE
BRELOOM,1,ABSORB
BRELOOM,1,TACKLE
BRELOOM,1,STUN SPORE
BRELOOM,1,LEECH SEED
BRELOOM,4,TACKLE
BRELOOM,7,STUN SPORE
BRELOOM,10,LEECH SEED
BRELOOM,16,MEGA DRAIN
BRELOOM,22,HEADBUTT
BRELOOM,23,MACH PUNCH
BRELOOM,28,COUNTER
BRELOOM,36,SKY UPPERCUT
BRELOOM,45,LOCK-ON
BRELOOM,54,DYNAMICPUNCH
SPINDA,1,TACKLE
SPINDA,5,UPROAR
SPINDA,12,FAINT ATTACK
SPINDA,16,PSYBEAM
SPINDA,23,HYPNOSIS
SPINDA,27,DIZZY PUNCH
SPINDA,34,TEETER DANCE
SPINDA,38,PSYCH UP
SPINDA,45,DOUBLE-EDGE
SPINDA,49,FLAIL
SPINDA,56,THRASH
WINGULL,1,GROWL
WINGULL,1,WATER GUN
WINGULL,7,TEETER DANCE
WINGULL,13,WING ATTACK
WINGULL,21,MIST
WINGULL,31,QUICK ATTACK
WINGULL,43,PURSUIT
WINGULL,55,AGILITY
PELIPPER,1,GROWL
PELIPPER,1,WATER GUN
PELIPPER,1,AZURE DRIVE
PELIPPER,1,WING ATTACK
PELIPPER,3,WATER GUN
PELIPPER,7,TEETER DANCE
PELIPPER,13,WING ATTACK
PELIPPER,21,MIST
PELIPPER,25,PROTECT
PELIPPER,33,GRASS KNOT
PELIPPER,33,WAVE CRASH
PELIPPER,47,FLARE BLITZ
PELIPPER,61,HYDRO PUMP
WIMPOD,1,BUBBLE
WIMPOD,7,QUICK ATTACK
WIMPOD,13,SWEET SCENT
WIMPOD,19,AZURE DRIVE
WIMPOD,25,BUBBLEBEAM
WIMPOD,31,AGILITY
WIMPOD,37,MIST
WIMPOD,37,HAZE
GOLISOPOD,1,BUBBLE
GOLISOPOD,1,QUICK ATTACK
GOLISOPOD,1,SWEET SCENT
GOLISOPOD,1,AZURE DRIVE
GOLISOPOD,7,QUICK ATTACK
GOLISOPOD,13,SWEET SCENT
GOLISOPOD,19,AZURE DRIVE
GOLISOPOD,26,TWISTER
GOLISOPOD,33,STRING SHOT
GOLISOPOD,40,STUN SPORE
GOLISOPOD,47,SILVER WIND
GOLISOPOD,53,WHIRLWIND
WAILMER,1,SPLASH
WAILMER,5,GROWL
WAILMER,10,WATER GUN
WAILMER,14,ROLLOUT
WAILMER,19,WHIRLPOOL
WAILMER,23,ASTONISH
WAILMER,28,WATER PULSE
WAILMER,32,MIST
WAILMER,37,REST
WAILMER,41,WATER SPOUT
WAILMER,46,AMNESIA
WAILMER,50,HYDRO PUMP
WAILORD,1,SPLASH
WAILORD,1,GROWL
WAILORD,1,WATER GUN
WAILORD,1,ROLLOUT
WAILORD,5,GROWL
WAILORD,10,WATER GUN
WAILORD,14,ROLLOUT
WAILORD,19,WHIRLPOOL
WAILORD,23,ASTONISH
WAILORD,28,WATER PULSE
WAILORD,32,MIST
WAILORD,37,REST
WAILORD,44,WATER SPOUT
WAILORD,52,AMNESIA
WAILORD,59,HYDRO PUMP
VOLCARONA,1,GROWL
VOLCARONA,1,TACKLE
VOLCARONA,3,TAIL WHIP
VOLCARONA,7,ATTRACT
VOLCARONA,13,SING
VOLCARONA,15,FURY SWIPES
VOLCARONA,19,BRAVE BIRD
VOLCARONA,25,CHARM
VOLCARONA,27,FAINT ATTACK
VOLCARONA,31,NIGHT SLASH
VOLCARONA,37,HEAL BELL
VOLCARONA,39,DOUBLE-EDGE
FROSMOTH,1,GROWL
FROSMOTH,1,ATTRACT
FROSMOTH,1,SING
FROSMOTH,1,FURY SWIPES
KECLEON,1,THIEF
KECLEON,1,TAIL WHIP
KECLEON,1,ASTONISH
KECLEON,1,LICK
KECLEON,1,SCRATCH
KECLEON,4,BIND
KECLEON,7,FAINT ATTACK
KECLEON,12,FURY SWIPES
KECLEON,17,PSYBEAM
KECLEON,24,SCREECH
KECLEON,31,SLASH
KECLEON,40,SUBSTITUTE
KECLEON,49,ANCIENTPOWER
BALTOY,1,CONFUSION
BALTOY,3,HARDEN
BALTOY,5,RAPID SPIN
BALTOY,7,MUD-SLAP
BALTOY,11,PSYBEAM
BALTOY,15,ROCK TOMB
BALTOY,19,EXPLOSION
BALTOY,25,ANCIENTPOWER
BALTOY,31,SANDSTORM
BALTOY,37,COSMIC POWER
BALTOY,45,EXPLOSION
CLAYDOL,1,TELEPORT
CLAYDOL,1,CONFUSION
CLAYDOL,1,HARDEN
CLAYDOL,1,RAPID SPIN
CLAYDOL,3,HARDEN
CLAYDOL,5,RAPID SPIN
CLAYDOL,7,MUD-SLAP
CLAYDOL,11,PSYBEAM
CLAYDOL,15,ROCK TOMB
CLAYDOL,19,EXPLOSION
CLAYDOL,25,ANCIENTPOWER
CLAYDOL,31,SANDSTORM
CLAYDOL,36,HYPER BEAM
CLAYDOL,42,COSMIC POWER
CLAYDOL,55,EXPLOSION
LARVESTAR,1,TACKLE
LARVESTAR,7,HARDEN
LARVESTAR,13,ROCK THROW
LARVESTAR,16,MEAN LOOK
LARVESTAR,22,THUNDER WAVE
LARVESTAR,28,ROCK SLIDE
LARVESTAR,31,SANDSTORM
LARVESTAR,37,REST
LARVESTAR,43,ZAP CANNON
LARVESTAR,46,LOCK-ON
TORKOAL,1,EMBER
TORKOAL,4,SLUDGE
TORKOAL,7,CURSE
TORKOAL,14,SAND-ATTACK
TORKOAL,17,FIRE SPIN
TORKOAL,20,BODY SLAM
TORKOAL,27,PROTECT
TORKOAL,30,FLAMETHROWER
TORKOAL,33,IRON DEFENSE
TORKOAL,40,AMNESIA
TORKOAL,43,FLAIL
TORKOAL,46,HEAT WAVE
SABLEYE,1,LEER
SABLEYE,1,SCRATCH
SABLEYE,5,ODOR SLEUTH
SABLEYE,9,NIGHT SHADE
SABLEYE,13,ASTONISH
SABLEYE,17,FURY SWIPES
SABLEYE,21,FAKE OUT
SABLEYE,25,PROTECT
SABLEYE,29,FAINT ATTACK
SABLEYE,33,KNOCK OFF
SABLEYE,37,CONFUSE RAY
SABLEYE,41,SHADOW BALL
SABLEYE,45,MEAN LOOK
TYRUNT,1,MUD-SLAP
TYRUNT,6,EARTH POWER
TYRUNT,6,AZURE DRIVE
TYRUNT,11,WATER GUN
TYRUNT,16,MAGNITUDE
TYRUNT,21,AMNESIA
TYRUNT,26,REST
TYRUNT,26,SNORE
TYRUNT,31,EARTHQUAKE
TYRUNT,36,FUTURE SIGHT
TYRUNT,41,FISSURE
TYRANTRUM,1,TICKLE
TYRANTRUM,1,MUD-SLAP
TYRANTRUM,1,EARTH POWER
TYRANTRUM,1,AZURE DRIVE
TYRANTRUM,6,EARTH POWER
TYRANTRUM,6,AZURE DRIVE
TYRANTRUM,11,WATER GUN
TYRANTRUM,16,MAGNITUDE
TYRANTRUM,21,AMNESIA
TYRANTRUM,26,REST
TYRANTRUM,26,SNORE
TYRANTRUM,36,EARTHQUAKE
TYRANTRUM,46,FUTURE SIGHT
TYRANTRUM,56,FISSURE
RAMPAPE,1,TACKLE
RAMPAPE,4,CHARM
RAMPAPE,12,WATER GUN
RAMPAPE,16,AGILITY
RAMPAPE,24,TAKE DOWN
RAMPAPE,28,ATTRACT
RAMPAPE,36,CONFUSE RAY
RAMPAPE,40,FLAIL
RAMPAPE,48,SAFEGUARD
AMAURA,1,BUBBLE
AMAURA,7,HARDEN
AMAURA,10,VICEGRIP
AMAURA,13,LEER
AMAURA,19,BUBBLEBEAM
AMAURA,22,PROTECT
AMAURA,25,KNOCK OFF
AMAURA,31,TAUNT
AMAURA,34,CRABHAMMER
AMAURA,37,SWORDS DANCE
AMAURA,43,CRUNCH
AMAURA,46,GUILLOTINE
AURORUS,1,BUBBLE
AURORUS,1,HARDEN
AURORUS,1,VICEGRIP
AURORUS,1,LEER
AURORUS,7,HARDEN
AURORUS,10,VICEGRIP
AURORUS,13,LEER
AURORUS,19,BUBBLEBEAM
AURORUS,22,PROTECT
AURORUS,25,KNOCK OFF
AURORUS,33,TAUNT
AURORUS,38,CRABHAMMER
AURORUS,43,SWORDS DANCE
AURORUS,51,CRUNCH
AURORUS,56,GUILLOTINE
FEEBAS,1,SPLASH
FEEBAS,15,TACKLE
FEEBAS,30,FLAIL
MILOTIC,1,WATER GUN
MILOTIC,5,BIND
MILOTIC,10,AZURE DRIVE
MILOTIC,15,REFRESH
MILOTIC,20,WATER PULSE
MILOTIC,25,TWISTER
MILOTIC,30,RECOVER
MILOTIC,35,RAIN DANCE
MILOTIC,40,HYDRO PUMP
MILOTIC,45,ATTRACT
MILOTIC,50,SAFEGUARD
CARVANHA,1,LEER
CARVANHA,1,BITE
CARVANHA,7,RAGE
CARVANHA,13,FOCUS ENERGY
CARVANHA,16,STRING SHOT
CARVANHA,22,CRUNCH
CARVANHA,28,SCREECH
CARVANHA,31,TAKE DOWN
CARVANHA,37,SWAGGER
CARVANHA,43,AGILITY
SHARPEDO,1,LEER
SHARPEDO,1,BITE
SHARPEDO,1,RAGE
SHARPEDO,1,FOCUS ENERGY
SHARPEDO,7,RAGE
SHARPEDO,13,FOCUS ENERGY
SHARPEDO,16,COTTON SPORE
SHARPEDO,22,CRUNCH
SHARPEDO,28,SCREECH
SHARPEDO,33,SLASH
SHARPEDO,38,TAUNT
SHARPEDO,43,SWAGGER
SHARPEDO,48,SKULL BASH
SHARPEDO,53,AGILITY
TRAPINCH,1,BITE
TRAPINCH,9,SAND-ATTACK
TRAPINCH,17,FAINT ATTACK
TRAPINCH,25,SAND TOMB
TRAPINCH,33,CRUNCH
TRAPINCH,41,DIG
TRAPINCH,49,SANDSTORM
TRAPINCH,57,HYPER BEAM
VIBRAVA,1,BITE
VIBRAVA,1,SAND-ATTACK
VIBRAVA,1,FAINT ATTACK
VIBRAVA,1,SAND TOMB
VIBRAVA,9,SAND-ATTACK
VIBRAVA,17,FAINT ATTACK
VIBRAVA,25,SAND TOMB
VIBRAVA,33,CRUNCH
VIBRAVA,35,DRAGONBREATH
VIBRAVA,41,SCREECH
VIBRAVA,49,SANDSTORM
VIBRAVA,57,HYPER BEAM
FLYGON,1,BITE
FLYGON,1,SAND-ATTACK
FLYGON,1,FAINT ATTACK
FLYGON,1,SAND TOMB
FLYGON,9,SAND-ATTACK
FLYGON,17,FAINT ATTACK
FLYGON,25,SAND TOMB
FLYGON,33,CRUNCH
FLYGON,35,DRAGONBREATH
FLYGON,41,SCREECH
FLYGON,53,SANDSTORM
FLYGON,65,HYPER BEAM
MAKUHITA,1,TACKLE
MAKUHITA,1,FOCUS ENERGY
MAKUHITA,4,SAND-ATTACK
MAKUHITA,10,ARM THRUST
MAKUHITA,13,SWIFT
MAKUHITA,19,FAKE OUT
MAKUHITA,22,WHIRLWIND
MAKUHITA,28,KNOCK OFF
MAKUHITA,31,FROSTBITE
MAKUHITA,37,BELLY DRUM
MAKUHITA,40,ENDURE
MAKUHITA,46,SEISMIC TOSS
MAKUHITA,49,REVERSAL
HARIYAMA,1,TACKLE
HARIYAMA,1,FOCUS ENERGY
HARIYAMA,1,SAND-ATTACK
HARIYAMA,1,ARM THRUST
HARIYAMA,4,SAND-ATTACK
HARIYAMA,10,ARM THRUST
HARIYAMA,13,SWIFT
HARIYAMA,19,FAKE OUT
HARIYAMA,22,WHIRLWIND
HARIYAMA,29,KNOCK OFF
HARIYAMA,33,FROSTBITE
HARIYAMA,40,BELLY DRUM
HARIYAMA,44,ENDURE
HARIYAMA,51,SEISMIC TOSS
HARIYAMA,55,REVERSAL
ELECTRIKE,1,TACKLE
ELECTRIKE,4,THUNDER WAVE
ELECTRIKE,9,LEER
ELECTRIKE,12,SHARPEN
ELECTRIKE,17,QUICK ATTACK
ELECTRIKE,20,SPARK
ELECTRIKE,25,ODOR SLEUTH
ELECTRIKE,28,ROAR
ELECTRIKE,33,BITE
ELECTRIKE,36,THUNDER
ELECTRIKE,41,CHARGE UP
MANECTRIC,1,TACKLE
MANECTRIC,1,THUNDER WAVE
MANECTRIC,1,LEER
MANECTRIC,1,SHARPEN
MANECTRIC,4,THUNDER WAVE
MANECTRIC,9,LEER
MANECTRIC,12,SHARPEN
MANECTRIC,17,QUICK ATTACK
MANECTRIC,20,SPARK
MANECTRIC,25,ODOR SLEUTH
MANECTRIC,31,ROAR
MANECTRIC,39,BITE
MANECTRIC,45,THUNDER
MANECTRIC,53,CHARGE UP
NUMEL,1,GROWL
NUMEL,1,TACKLE
NUMEL,11,EMBER
NUMEL,19,MAGNITUDE
NUMEL,25,FOCUS ENERGY
NUMEL,29,TAKE DOWN
NUMEL,31,AMNESIA
NUMEL,35,EARTHQUAKE
NUMEL,41,FLAMETHROWER
NUMEL,49,DOUBLE-EDGE
CAMERUPT,1,GROWL
CAMERUPT,1,TACKLE
CAMERUPT,1,EMBER
CAMERUPT,1,MAGNITUDE
CAMERUPT,11,EMBER
CAMERUPT,19,MAGNITUDE
CAMERUPT,25,FOCUS ENERGY
CAMERUPT,29,TAKE DOWN
CAMERUPT,31,AMNESIA
CAMERUPT,33,ROCK SLIDE
CAMERUPT,37,EARTHQUAKE
CAMERUPT,45,ERUPTION
CAMERUPT,55,FISSURE
SPHEAL,1,POWDER SNOW
SPHEAL,1,GROWL
SPHEAL,1,DEFENSE CURL
SPHEAL,1,WATER GUN
SPHEAL,7,ENCORE
SPHEAL,13,ICE BALL
SPHEAL,19,BODY SLAM
SPHEAL,25,AURORA BEAM
SPHEAL,31,HAIL
SPHEAL,37,REST
SPHEAL,37,SNORE
SPHEAL,43,BLIZZARD
SPHEAL,49,SHEER COLD
SEALEO,1,POWDER SNOW
SEALEO,1,GROWL
SEALEO,1,DEFENSE CURL
SEALEO,1,WATER GUN
SEALEO,7,ENCORE
SEALEO,13,ICE BALL
SEALEO,19,BODY SLAM
SEALEO,25,AURORA BEAM
SEALEO,31,HAIL
SEALEO,39,REST
SEALEO,39,SNORE
SEALEO,47,BLIZZARD
SEALEO,55,SHEER COLD
WALREIN,1,POWDER SNOW
WALREIN,1,GROWL
WALREIN,1,DEFENSE CURL
WALREIN,1,WATER GUN
WALREIN,7,ENCORE
WALREIN,13,ICE BALL
WALREIN,19,BODY SLAM
WALREIN,25,AURORA BEAM
WALREIN,31,HAIL
WALREIN,39,REST
WALREIN,39,SNORE
WALREIN,50,BLIZZARD
WALREIN,61,SHEER COLD
CACNEA,1,POISON STING
CACNEA,1,LEER
CACNEA,5,ABSORB
CACNEA,9,GROWTH
CACNEA,13,LEECH SEED
CACNEA,17,SAND-ATTACK
CACNEA,21,PIN MISSILE
CACNEA,25,INGRAIN
CACNEA,29,FAINT ATTACK
CACNEA,33,SPIKES
CACNEA,37,NEEDLE ARM
CACNEA,41,COTTON SPORE
CACNEA,45,SANDSTORM
CACNEA,49,DESTINY BOND
CACTURNE,1,REVENGE
CACTURNE,1,POISON STING
CACTURNE,1,LEER
CACTURNE,1,ABSORB
CACTURNE,1,GROWTH
CACTURNE,5,ABSORB
CACTURNE,9,GROWTH
CACTURNE,13,LEECH SEED
CACTURNE,17,SAND-ATTACK
CACTURNE,21,PIN MISSILE
CACTURNE,25,INGRAIN
CACTURNE,29,FAINT ATTACK
CACTURNE,35,SPIKES
CACTURNE,41,NEEDLE ARM
CACTURNE,47,COTTON SPORE
CACTURNE,53,SANDSTORM
CACTURNE,59,DESTINY BOND
SNOWSHREW,1,POWDER SNOW
SNOWSHREW,1,LEER
SNOWSHREW,7,DOUBLE TEAM
SNOWSHREW,10,BITE
SNOWSHREW,16,ICY WIND
SNOWSHREW,19,HEADBUTT
SNOWSHREW,25,PROTECT
SNOWSHREW,28,CRUNCH
SNOWSHREW,34,ICE BEAM
SNOWSHREW,37,HAIL
SNOWSHREW,43,BLIZZARD
SNOWSLASH,1,POWDER SNOW
SNOWSLASH,1,LEER
SNOWSLASH,1,DOUBLE TEAM
SNOWSLASH,1,BITE
SNOWSLASH,7,DOUBLE TEAM
SNOWSLASH,10,BITE
SNOWSLASH,16,ICY WIND
SNOWSLASH,19,HEADBUTT
SNOWSLASH,25,PROTECT
SNOWSLASH,28,CRUNCH
SNOWSLASH,34,ICE BEAM
SNOWSLASH,42,HAIL
SNOWSLASH,53,BLIZZARD
SNOWSLASH,61,SHEER COLD
LUNATONE,1,TACKLE
LUNATONE,1,HARDEN
LUNATONE,7,CONFUSION
LUNATONE,13,ROCK THROW
LUNATONE,19,HYPNOSIS
LUNATONE,25,PSYWAVE
LUNATONE,31,COSMIC POWER
LUNATONE,37,PSYCHIC
LUNATONE,43,FUTURE SIGHT
LUNATONE,49,EXPLOSION
SOLROCK,1,TACKLE
SOLROCK,1,HARDEN
SOLROCK,7,CONFUSION
SOLROCK,13,ROCK THROW
SOLROCK,19,FIRE SPIN
SOLROCK,25,PSYWAVE
SOLROCK,31,COSMIC POWER
SOLROCK,37,ROCK SLIDE
SOLROCK,43,SOLARBEAM
SOLROCK,49,EXPLOSION
VECTOR,1,SPLASH
VECTOR,3,CHARM
VECTOR,6,TAIL WHIP
VECTOR,10,BUBBLE
VECTOR,15,HYPER VOICE
VECTOR,21,WATER GUN
SPOINK,1,SPLASH
SPOINK,7,PSYWAVE
SPOINK,10,ODOR SLEUTH
SPOINK,16,PSYBEAM
SPOINK,19,PSYCH UP
SPOINK,25,CONFUSE RAY
SPOINK,28,BLACK MIRROR
SPOINK,34,PSYCHIC
SPOINK,37,REST
SPOINK,37,SNORE
SPOINK,43,DRIP-DROP
GRUMPIG,1,SPLASH
GRUMPIG,1,PSYWAVE
GRUMPIG,1,ODOR SLEUTH
GRUMPIG,1,PSYBEAM
GRUMPIG,7,PSYWAVE
GRUMPIG,10,ODOR SLEUTH
GRUMPIG,16,PSYBEAM
GRUMPIG,19,PSYCH UP
GRUMPIG,25,CONFUSE RAY
GRUMPIG,28,BLACK MIRROR
GRUMPIG,37,PSYCHIC
GRUMPIG,43,REST
GRUMPIG,43,SNORE
GRUMPIG,55,DRIP-DROP
SUS,1,GROWL
SUS,4,THUNDER WAVE
SUS,10,QUICK ATTACK
SUS,13,KILING SPREE
SUS,19,SPARK
SUS,22,ENCORE
SUS,28,METAL SOUND
SUS,31,CHARGE UP
SUS,37,THUNDER
SUS,40,BATON PASS
SUS,47,AGILITY
DED,1,GROWL
DED,4,THUNDER WAVE
DED,10,QUICK ATTACK
DED,13,KILING SPREE
DED,19,SPARK
DED,22,ENCORE
DED,28,CHARM
DED,31,CHARGE UP
DED,37,THUNDER
DED,40,BATON PASS
DED,47,AGILITY
MAWILE,1,ASTONISH
MAWILE,6,METAL SOUND
MAWILE,11,BITE
MAWILE,16,SWEET SCENT
MAWILE,21,VICEGRIP
MAWILE,26,FAINT ATTACK
MAWILE,31,BATON PASS
MAWILE,36,CRUNCH
MAWILE,41,IRON DEFENSE
MAWILE,46,GRASS KNOT
MAWILE,46,WAVE CRASH
MAWILE,46,FLARE BLITZ
MEDITITE,1,BIDE
MEDITITE,4,SHARPEN
MEDITITE,9,CONFUSION
MEDITITE,12,PROTECT
MEDITITE,17,HIDDEN POWER
MEDITITE,20,SWAGGER
MEDITITE,25,LOCK-ON
MEDITITE,28,CALM MIND
MEDITITE,33,HI JUMP KICK
MEDITITE,36,PSYCH UP
MEDITITE,41,REVERSAL
MEDITITE,44,RECOVER
MEDICHAM,1,FIRE PUNCH
MEDICHAM,1,THUNDERPUNCH
MEDICHAM,1,ICE PUNCH
MEDICHAM,1,BIDE
MEDICHAM,1,SHARPEN
MEDICHAM,1,CONFUSION
MEDICHAM,1,PROTECT
MEDICHAM,4,SHARPEN
MEDICHAM,9,CONFUSION
MEDICHAM,12,PROTECT
MEDICHAM,17,HIDDEN POWER
MEDICHAM,20,SWAGGER
MEDICHAM,25,LOCK-ON
MEDICHAM,28,CALM MIND
MEDICHAM,33,HI JUMP KICK
MEDICHAM,36,PSYCH UP
MEDICHAM,47,REVERSAL
MEDICHAM,56,RECOVER
SWABLU,1,PECK
SWABLU,1,GROWL
SWABLU,8,ASTONISH
SWABLU,11,SING
SWABLU,18,FURY SWIPES
SWABLU,21,SAFEGUARD
SWABLU,28,MIST
SWABLU,31,TAKE DOWN
SWABLU,38,MIRROR MOVE
SWABLU,41,REFRESH
SWABLU,48,PERISH SONG
ALTARIA,1,PECK
ALTARIA,1,GROWL
ALTARIA,1,ASTONISH
ALTARIA,1,SING
ALTARIA,8,ASTONISH
ALTARIA,11,SING
ALTARIA,18,FURY SWIPES
ALTARIA,21,SAFEGUARD
ALTARIA,28,MIST
ALTARIA,31,TAKE DOWN
ALTARIA,35,DRAGONBREATH
ALTARIA,40,DRAGON DANCE
ALTARIA,45,REFRESH
ALTARIA,54,PERISH SONG
ALTARIA,59,SKY ATTACK
FORKNIGHT,1,SPLASH
FORKNIGHT,1,CHARM
FORKNIGHT,1,ENCORE
FORKNIGHT,15,COUNTER
FORKNIGHT,15,MIRROR COAT
FORKNIGHT,15,SAFEGUARD
FORKNIGHT,15,DESTINY BOND
DUSKULL,1,LEER
DUSKULL,1,NIGHT SHADE
DUSKULL,5,DISABLE
DUSKULL,12,ODOR SLEUTH
DUSKULL,16,ASTONISH
DUSKULL,23,CONFUSE RAY
DUSKULL,27,PURSUIT
DUSKULL,34,CURSE
DUSKULL,38,WILL-O-WISP
DUSKULL,45,MEAN LOOK
DUSKULL,49,FUTURE SIGHT
DUSCLOPS,1,BIND
DUSCLOPS,1,LEER
DUSCLOPS,1,NIGHT SHADE
DUSCLOPS,1,DISABLE
DUSCLOPS,5,DISABLE
DUSCLOPS,12,ODOR SLEUTH
DUSCLOPS,16,ASTONISH
DUSCLOPS,23,CONFUSE RAY
DUSCLOPS,27,PURSUIT
DUSCLOPS,34,CURSE
DUSCLOPS,37,SHADOW PUNCH
DUSCLOPS,41,WILL-O-WISP
DUSCLOPS,51,MEAN LOOK
DUSCLOPS,58,FUTURE SIGHT
CORVIDOC,1,ABSORB
CORVIDOC,5,GROWTH
CORVIDOC,9,POISON STING
CORVIDOC,13,STUN SPORE
CORVIDOC,17,MEGA DRAIN
CORVIDOC,21,LEECH SEED
CORVIDOC,25,MAGICAL LEAF
CORVIDOC,29,SLEEP POWDER
CORVIDOC,33,GIGA DRAIN
CORVIDOC,37,SWEET SCENT
CORVIDOC,41,INGRAIN
CORVIDOC,45,TOXIC
CORVIDOC,49,PETAL DANCE
CORVIDOC,53,HEAL BELL
CORVIDOC,57,MOONLIGHT
SLAKOTH,1,SCRATCH
SLAKOTH,1,YAWN
SLAKOTH,7,ENCORE
SLAKOTH,13,SLACK OFF
SLAKOTH,19,FAINT ATTACK
SLAKOTH,25,AMNESIA
SLAKOTH,31,NIGHT SLASH
SLAKOTH,37,COUNTER
SLAKOTH,43,FLAIL
VIGOROTH,1,SCRATCH
VIGOROTH,1,FOCUS ENERGY
VIGOROTH,1,ENCORE
VIGOROTH,1,UPROAR
VIGOROTH,7,ENCORE
VIGOROTH,13,UPROAR
VIGOROTH,19,FURY SWIPES
VIGOROTH,25,ENDURE
VIGOROTH,31,SLASH
VIGOROTH,37,COUNTER
VIGOROTH,43,FOCUS PUNCH
VIGOROTH,49,REVERSAL
SLAKING,1,SCRATCH
SLAKING,1,YAWN
SLAKING,1,ENCORE
SLAKING,1,SLACK OFF
SLAKING,7,ENCORE
SLAKING,13,SLACK OFF
SLAKING,19,FAINT ATTACK
SLAKING,25,AMNESIA
SLAKING,31,NIGHT SLASH
SLAKING,36,SWAGGER
SLAKING,37,COUNTER
SLAKING,43,FLAIL
CETODDLE,1,TACKLE
CETODDLE,6,YAWN
CETODDLE,9,TOXIC
CETODDLE,14,SLUDGE
CETODDLE,17,AMNESIA
CETODDLE,23,ENCORE
CETODDLE,28,TOXIC
CETODDLE,34,GRASS KNOT
CETODDLE,34,FLARE BLITZ
CETODDLE,34,WAVE CRASH
CETODDLE,39,SLUDGE BOMB
CETITAN,1,TACKLE
CETITAN,1,YAWN
CETITAN,1,TOXIC
CETITAN,1,SLUDGE
CETITAN,6,YAWN
CETITAN,9,TOXIC
CETITAN,14,SLUDGE
CETITAN,17,AMNESIA
CETITAN,23,ENCORE
CETITAN,26,BODY SLAM
CETITAN,31,TOXIC
CETITAN,40,GRASS KNOT
CETITAN,40,FLARE BLITZ
CETITAN,40,WAVE CRASH
CETITAN,48,SLUDGE BOMB
TROPIUS,1,LEER
TROPIUS,1,TWISTER
TROPIUS,7,GROWTH
TROPIUS,11,RAZOR LEAF
TROPIUS,17,STOMP
TROPIUS,21,SWEET SCENT
TROPIUS,27,WHIRLWIND
TROPIUS,31,MAGICAL LEAF
TROPIUS,37,BODY SLAM
TROPIUS,41,SOLARBEAM
TROPIUS,47,MORNING SUN
WHISMUR,1,TACKLE
WHISMUR,5,UPROAR
WHISMUR,11,ASTONISH
WHISMUR,15,SHARPEN
WHISMUR,21,TEETER DANCE
WHISMUR,25,STOMP
WHISMUR,31,SCREECH
WHISMUR,35,ROAR
WHISMUR,41,REST
WHISMUR,41,SLEEP TALK
WHISMUR,45,HYPER VOICE
LOUDRED,1,TACKLE
LOUDRED,1,UPROAR
LOUDRED,1,ASTONISH
LOUDRED,1,SHARPEN
LOUDRED,5,UPROAR
LOUDRED,11,ASTONISH
LOUDRED,15,SHARPEN
LOUDRED,23,TEETER DANCE
LOUDRED,29,STOMP
LOUDRED,37,SCREECH
LOUDRED,43,ROAR
LOUDRED,51,REST
LOUDRED,51,SLEEP TALK
LOUDRED,57,HYPER VOICE
EXPLOUD,1,TACKLE
EXPLOUD,1,UPROAR
EXPLOUD,1,ASTONISH
EXPLOUD,1,SHARPEN
EXPLOUD,5,UPROAR
EXPLOUD,11,ASTONISH
EXPLOUD,15,SHARPEN
EXPLOUD,23,TEETER DANCE
EXPLOUD,29,STOMP
EXPLOUD,37,SCREECH
EXPLOUD,40,HYPER BEAM
EXPLOUD,45,ROAR
EXPLOUD,55,REST
EXPLOUD,55,SLEEP TALK
EXPLOUD,63,HYPER VOICE
MELTAN,1,WHIRLPOOL
MELTAN,1,WATER GUN
MELTAN,1,WHIRLPOOL
MELTAN,1,IRON DEFENSE
MELMETAL,1,WHIRLPOOL
MELMETAL,8,BITE
MELMETAL,15,SCREECH
MELMETAL,22,WATER PULSE
MELMETAL,29,STRING SHOT
MELMETAL,36,CRUNCH
MELMETAL,43,BATON PASS
MELMETAL,50,HYDRO PUMP
SNOBRAWL,1,WHIRLPOOL
SNOBRAWL,8,CONFUSION
SNOBRAWL,15,AGILITY
SNOBRAWL,22,WATER PULSE
SNOBRAWL,29,AMNESIA
SNOBRAWL,36,PSYCHIC
SNOBRAWL,43,BATON PASS
SNOBRAWL,50,HYDRO PUMP
ABSOL,1,SCRATCH
ABSOL,5,LEER
ABSOL,9,TAUNT
ABSOL,13,QUICK ATTACK
ABSOL,17,RAZOR WIND
ABSOL,21,BITE
ABSOL,26,SWORDS DANCE
ABSOL,31,DOUBLE TEAM
ABSOL,36,SLASH
ABSOL,41,FUTURE SIGHT
ABSOL,46,PERISH SONG
SHUPPET,1,KNOCK OFF
SHUPPET,8,SCREECH
SHUPPET,13,NIGHT SHADE
SHUPPET,20,CURSE
SHUPPET,25,SPITE
SHUPPET,32,WILL-O-WISP
SHUPPET,37,FAINT ATTACK
SHUPPET,44,SHADOW BALL
SHUPPET,49,SNATCH
SHUPPET,56,GRUDGE
BANETTE,1,KNOCK OFF
BANETTE,1,SCREECH
BANETTE,1,NIGHT SHADE
BANETTE,1,CURSE
BANETTE,8,SCREECH
BANETTE,13,NIGHT SHADE
BANETTE,20,CURSE
BANETTE,25,SPITE
BANETTE,32,WILL-O-WISP
BANETTE,39,FAINT ATTACK
BANETTE,48,SHADOW BALL
BANETTE,55,SNATCH
BANETTE,64,GRUDGE
SEVIPER,1,BIND
SEVIPER,7,LICK
SEVIPER,10,BITE
SEVIPER,16,POISON TAIL
SEVIPER,19,SCREECH
SEVIPER,25,STUN SPORE
SEVIPER,28,CRUNCH
SEVIPER,34,POISON FANG
SEVIPER,37,SWAGGER
SEVIPER,43,HAZE
ZANGOOSE,1,SCRATCH
ZANGOOSE,4,LEER
ZANGOOSE,7,QUICK ATTACK
ZANGOOSE,10,SWORDS DANCE
ZANGOOSE,13,FURY CUTTER
ZANGOOSE,19,SLASH
ZANGOOSE,25,PURSUIT
ZANGOOSE,31,CRUSH CLAW
ZANGOOSE,37,TAUNT
ZANGOOSE,46,PROTECT
ZANGOOSE,55,FALSE SWIPE
CHIMPUNK,1,TACKLE
CHIMPUNK,1,HARDEN
CHIMPUNK,8,WATER GUN
CHIMPUNK,15,ROCK TOMB
CHIMPUNK,22,YAWN
CHIMPUNK,29,TAKE DOWN
CHIMPUNK,36,EARTH POWER
CHIMPUNK,43,ANCIENTPOWER
CHIMPUNK,50,REST
CHIMPUNK,57,DOUBLE-EDGE
CHIMPUNK,64,HYDRO PUMP
ARON,1,TACKLE
ARON,4,HARDEN
ARON,7,MUD-SLAP
ARON,10,HEADBUTT
ARON,13,METAL CLAW
ARON,17,IRON DEFENSE
ARON,21,ROAR
ARON,25,TAKE DOWN
ARON,29,IRON TAIL
ARON,34,PROTECT
ARON,39,METAL SOUND
ARON,44,DOUBLE-EDGE
LAIRON,1,TACKLE
LAIRON,1,HARDEN
LAIRON,1,MUD-SLAP
LAIRON,1,HEADBUTT
LAIRON,4,HARDEN
LAIRON,7,MUD-SLAP
LAIRON,10,HEADBUTT
LAIRON,13,METAL CLAW
LAIRON,17,IRON DEFENSE
LAIRON,21,ROAR
LAIRON,25,TAKE DOWN
LAIRON,29,IRON TAIL
LAIRON,37,PROTECT
LAIRON,45,METAL SOUND
LAIRON,53,DOUBLE-EDGE
AGGRON,1,TACKLE
AGGRON,1,HARDEN
AGGRON,1,MUD-SLAP
AGGRON,1,HEADBUTT
AGGRON,4,HARDEN
AGGRON,7,MUD-SLAP
AGGRON,10,HEADBUTT
AGGRON,13,METAL CLAW
AGGRON,17,IRON DEFENSE
AGGRON,21,ROAR
AGGRON,25,TAKE DOWN
AGGRON,29,IRON TAIL
AGGRON,37,PROTECT
AGGRON,50,METAL SOUND
AGGRON,63,DOUBLE-EDGE
CASTFORM,1,TACKLE
CASTFORM,10,WATER GUN
CASTFORM,10,EMBER
CASTFORM,10,POWDER SNOW
CASTFORM,20,RAIN DANCE
CASTFORM,20,SUNNY DAY
CASTFORM,20,HAIL
CASTFORM,30,WEATHER BALL
POCHITA,1,TACKLE
POCHITA,5,CONFUSE RAY
POCHITA,9,DOUBLE TEAM
POCHITA,13,MOONLIGHT
POCHITA,17,QUICK ATTACK
POCHITA,21,DUAL CHOP
POCHITA,25,SIGNAL BEAM
POCHITA,29,PROTECT
POCHITA,33,KILING SPREE
POCHITA,37,DOUBLE-EDGE
WILDMUTT,1,TACKLE
WILDMUTT,5,SWEET SCENT
WILDMUTT,9,CHARM
WILDMUTT,13,MOONLIGHT
WILDMUTT,17,QUICK ATTACK
WILDMUTT,21,WISH
WILDMUTT,25,ENCORE
WILDMUTT,29,FLATTER
WILDMUTT,33,KILING SPREE
WILDMUTT,37,NIGHT SLASH
LILEEP,1,ASTONISH
LILEEP,8,SEAQUAKE
LILEEP,15,ACID
LILEEP,22,INGRAIN
LILEEP,29,CONFUSE RAY
LILEEP,36,AMNESIA
LILEEP,43,ANCIENTPOWER
LILEEP,50,GRASS KNOT
LILEEP,50,FLARE BLITZ
LILEEP,50,WAVE CRASH
CRADILY,1,ASTONISH
CRADILY,1,SEAQUAKE
CRADILY,1,ACID
CRADILY,1,INGRAIN
CRADILY,8,SEAQUAKE
CRADILY,15,ACID
CRADILY,22,INGRAIN
CRADILY,29,CONFUSE RAY
CRADILY,36,AMNESIA
CRADILY,48,ANCIENTPOWER
CRADILY,60,GRASS KNOT
CRADILY,60,FLARE BLITZ
CRADILY,60,WAVE CRASH
ANORITH,1,SCRATCH
ANORITH,7,HARDEN
ANORITH,13,EARTH POWER
ANORITH,19,WATER GUN
ANORITH,25,METAL CLAW
ANORITH,31,PROTECT
ANORITH,37,ANCIENTPOWER
ANORITH,43,FURY CUTTER
ANORITH,49,SLASH
ANORITH,55,ROCK BLAST
ARMALDO,1,SCRATCH
ARMALDO,1,HARDEN
ARMALDO,1,EARTH POWER
ARMALDO,1,WATER GUN
ARMALDO,7,HARDEN
ARMALDO,13,EARTH POWER
ARMALDO,19,WATER GUN
ARMALDO,25,METAL CLAW
ARMALDO,31,PROTECT
ARMALDO,37,ANCIENTPOWER
ARMALDO,46,FURY CUTTER
ARMALDO,55,SLASH
ARMALDO,64,ROCK BLAST
RALTS,1,GROWL
RALTS,6,CONFUSION
RALTS,11,DOUBLE TEAM
RALTS,16,TELEPORT
RALTS,21,CALM MIND
RALTS,26,PSYCHIC
RALTS,31,DUAL SCREEN
RALTS,36,FUTURE SIGHT
RALTS,41,HYPNOSIS
RALTS,46,DREAM EATER
KIRLIA,1,MAGICAL LEAF
KIRLIA,1,GROWL
KIRLIA,1,CONFUSION
KIRLIA,1,DOUBLE TEAM
KIRLIA,1,TELEPORT
KIRLIA,6,CONFUSION
KIRLIA,11,DOUBLE TEAM
KIRLIA,16,TELEPORT
KIRLIA,21,CALM MIND
KIRLIA,26,PSYCHIC
KIRLIA,33,DUAL SCREEN
KIRLIA,40,FUTURE SIGHT
KIRLIA,47,HYPNOSIS
KIRLIA,54,DREAM EATER
GARDEVOIR,1,GROWL
GARDEVOIR,1,CONFUSION
GARDEVOIR,1,DOUBLE TEAM
GARDEVOIR,1,TELEPORT
GARDEVOIR,6,CONFUSION
GARDEVOIR,11,DOUBLE TEAM
GARDEVOIR,16,TELEPORT
GARDEVOIR,21,CALM MIND
GARDEVOIR,26,PSYCHIC
GARDEVOIR,33,DUAL SCREEN
GARDEVOIR,42,FUTURE SIGHT
GARDEVOIR,51,HYPNOSIS
GARDEVOIR,60,DREAM EATER
BAGON,1,RAGE
BAGON,5,BITE
BAGON,9,LEER
BAGON,17,HEADBUTT
BAGON,21,FOCUS ENERGY
BAGON,25,EMBER
BAGON,33,DRAGONBREATH
BAGON,37,STRING SHOT
BAGON,41,CRUNCH
BAGON,49,DRAGON CLAW
BAGON,53,DOUBLE-EDGE
SHELGON,1,RAGE
SHELGON,1,BITE
SHELGON,1,LEER
SHELGON,1,HEADBUTT
SHELGON,5,BITE
SHELGON,9,LEER
SHELGON,17,HEADBUTT
SHELGON,21,FOCUS ENERGY
SHELGON,25,EMBER
SHELGON,30,PROTECT
SHELGON,38,DRAGONBREATH
SHELGON,47,STRING SHOT
SHELGON,56,CRUNCH
SHELGON,69,DRAGON CLAW
SHELGON,78,DOUBLE-EDGE
SALAMENCE,1,RAGE
SALAMENCE,1,BITE
SALAMENCE,1,LEER
SALAMENCE,1,HEADBUTT
SALAMENCE,5,BITE
SALAMENCE,9,LEER
SALAMENCE,17,HEADBUTT
SALAMENCE,21,FOCUS ENERGY
SALAMENCE,25,EMBER
SALAMENCE,30,PROTECT
SALAMENCE,38,DRAGONBREATH
SALAMENCE,47,STRING SHOT
SALAMENCE,50,FLY
SALAMENCE,61,CRUNCH
SALAMENCE,79,DRAGON CLAW
SALAMENCE,93,DOUBLE-EDGE
BELDUM,1,TAKE DOWN
METANG,1,TAKE DOWN
METANG,20,CONFUSION
METANG,20,METAL CLAW
METANG,26,COTTON SPORE
METANG,32,PURSUIT
METANG,38,PSYCHIC
METANG,44,IRON DEFENSE
METANG,50,METEOR MASH
METANG,56,AGILITY
METANG,62,HYPER BEAM
METAGROSS,1,TAKE DOWN
METAGROSS,1,CONFUSION
METAGROSS,1,METAL CLAW
METAGROSS,1,COTTON SPORE
METAGROSS,20,CONFUSION
METAGROSS,20,METAL CLAW
METAGROSS,26,COTTON SPORE
METAGROSS,32,PURSUIT
METAGROSS,38,PSYCHIC
METAGROSS,44,IRON DEFENSE
METAGROSS,55,METEOR MASH
METAGROSS,66,AGILITY
METAGROSS,77,HYPER BEAM
REGIROCK,1,EXPLOSION
REGIROCK,9,ROCK THROW
REGIROCK,17,CURSE
REGIROCK,25,SUPERPOWER
REGIROCK,33,ANCIENTPOWER
REGIROCK,41,IRON DEFENSE
REGIROCK,49,ZAP CANNON
REGIROCK,57,LOCK-ON
REGIROCK,65,HYPER BEAM
REGICE,1,EXPLOSION
REGICE,9,ICY WIND
REGICE,17,CURSE
REGICE,25,SUPERPOWER
REGICE,33,ANCIENTPOWER
REGICE,41,AMNESIA
REGICE,49,ZAP CANNON
REGICE,57,LOCK-ON
REGICE,65,HYPER BEAM
REGISTEEL,1,EXPLOSION
REGISTEEL,9,METAL CLAW
REGISTEEL,17,CURSE
REGISTEEL,25,SUPERPOWER
REGISTEEL,33,ANCIENTPOWER
REGISTEEL,41,IRON DEFENSE
REGISTEEL,41,AMNESIA
REGISTEEL,49,ZAP CANNON
REGISTEEL,57,LOCK-ON
REGISTEEL,65,HYPER BEAM
KYOGRE,1,WATER PULSE
KYOGRE,5,COTTON SPORE
KYOGRE,15,ANCIENTPOWER
KYOGRE,20,BODY SLAM
KYOGRE,30,CALM MIND
KYOGRE,35,ICE BEAM
KYOGRE,45,HYDRO PUMP
KYOGRE,50,REST
KYOGRE,60,SHEER COLD
KYOGRE,65,DOUBLE-EDGE
KYOGRE,75,WATER SPOUT
GROUDON,1,MUD SHOT
GROUDON,5,COTTON SPORE
GROUDON,15,ANCIENTPOWER
GROUDON,20,SLASH
GROUDON,30,BULK UP
GROUDON,35,EARTHQUAKE
GROUDON,45,FIRE BLAST
GROUDON,50,REST
GROUDON,60,FISSURE
GROUDON,65,SOLARBEAM
GROUDON,75,ERUPTION
RAYQUAZA,1,TWISTER
RAYQUAZA,5,COTTON SPORE
RAYQUAZA,15,ANCIENTPOWER
RAYQUAZA,20,DRAGON CLAW
RAYQUAZA,30,DRAGON DANCE
RAYQUAZA,35,CRUNCH
RAYQUAZA,45,FLY
RAYQUAZA,50,REST
RAYQUAZA,60,EXTREMESPEED
RAYQUAZA,65,OUTRAGE
RAYQUAZA,75,HYPER BEAM
LATIAS,1,PSYWAVE
LATIAS,5,WISH
LATIAS,10,KILING SPREE
LATIAS,15,SAFEGUARD
LATIAS,20,DRAGONBREATH
LATIAS,25,AZURE DRIVE
LATIAS,30,REFRESH
LATIAS,35,DRAGON PULSE
LATIAS,40,PSYCHIC
LATIAS,45,RECOVER
LATIAS,50,CHARM
LATIOS,1,PSYWAVE
LATIOS,5,MEMENTO
LATIOS,10,KILING SPREE
LATIOS,15,SAFEGUARD
LATIOS,20,DRAGONBREATH
LATIOS,25,PROTECT
LATIOS,30,REFRESH
LATIOS,35,DARK PULSE
LATIOS,40,PSYCHIC
LATIOS,45,RECOVER
LATIOS,50,DRAGON DANCE
JIRACHI,1,WISH
JIRACHI,1,CONFUSION
JIRACHI,5,REST
JIRACHI,10,SWIFT
JIRACHI,15,KILING SPREE
JIRACHI,20,PSYCHIC
JIRACHI,25,REFRESH
JIRACHI,30,REST
JIRACHI,35,DOUBLE-EDGE
JIRACHI,40,FUTURE SIGHT
JIRACHI,45,COSMIC POWER
JIRACHI,50,FUTURE SIGHT
MISSINGNO.,1,LEER
MISSINGNO.,1,BIND
MISSINGNO.,5,NIGHT SHADE
MISSINGNO.,10,TELEPORT
MISSINGNO.,15,TAUNT
MISSINGNO.,20,SNATCH
MISSINGNO.,25,PURSUIT
MISSINGNO.,30,SPIKES
MISSINGNO.,35,PSYCHIC
MISSINGNO.,40,SUPERPOWER
MISSINGNO.,45,COSMIC POWER
MISSINGNO.,50,RECOVER
MISSINGNO.,55,PSYCHO BOOST
MISSINGNO.,60,HYPER BEAM
MUDD,1,BIND
MUDD,6,GROWL
MUDD,9,ASTONISH
MUDD,14,CONFUSION
MUDD,17,TAKE DOWN
MUDD,22,UPROAR
MUDD,25,YAWN
MUDD,30,PSYWAVE
MUDD,33,DOUBLE-EDGE
MUDD,38,HEAL BELL
MUDD,41,SAFEGUARD
MUDD,46,PSYCHIC
