serial,oldName,newName,type,basePower,accuracy,secondaryEffect,effectChance,PP,priority,target,description,makesContact,protectAffected,magicCoatAffected,snatchAffected,mirrorMoveAffected,kingsRockAffected
0,POUND,DRAIN PUNCH,FIGHTING,40,100,ABSORB,0,20,0,SELECTED,A tough attack that drains half the damage it inflicted to restore HP.,1,1,0,0,1,0
1,KARATE_CHOP,KARATE CHOP,FIGHTING,50,100,HIGH_CRITICAL,0,25,0,SELECTED,The foe is attacked with a sharp chop. It has a high critical-hit ratio.,1,1,0,0,1,1
2,DOUBLE_SLAP,DOUBLESLAP,NORMAL,30,100,DOUBLE_HIT,0,30,0,SELECTED,The foe is slapped back and forth; two times.,1,1,0,0,1,1
3,COMET_PUNCH,BULLET PUNCH,STEEL,40,100,QUICK_ATTACK,0,20,1,SELECTED,A punch thrown at blinding speed. It is certain to strike first.,1,1,0,0,1,1
4,MEGA_PUNCH,MEGA PUNCH,NORMAL,80,85,HIT,0,20,0,SELECTED,The foe is slugged by a punch thrown with muscle-packed power.,1,1,0,0,1,1
5,PAY_DAY,PAY DAY,NORMAL,40,100,PAY_DAY,100,20,0,SELECTED,Numerous coins are hurled at the foe. Money is earned after battle.,0,1,0,0,1,1
6,FIRE_PUNCH,FIRE PUNCH,FIRE,75,100,BURN_HIT,20,15,0,SELECTED,The foe is punched with a fiery fist. It may leave the foe with a burn.,1,1,0,0,1,0
7,ICE_PUNCH,ICE PUNCH,ICE,75,100,FREEZE_HIT,20,15,0,SELECTED,The foe is punched with an icy fist. It may leave the foe frozen.,1,1,0,0,1,0
8,THUNDER_PUNCH,THUNDERPUNCH,ELECTRIC,75,100,PARALYZE_HIT,20,15,0,SELECTED,The foe is punched with an electrified fist. It may leave the foe paralyzed.,1,1,0,0,1,0
9,SCRATCH,SCRATCH,NORMAL,35,100,HIT,0,35,0,SELECTED,Hard; pointed; and sharp claws rake the foe.,1,1,0,0,1,1
10,VICE_GRIP,VICEGRIP,NORMAL,55,100,HIT,0,30,0,SELECTED,Huge; impressive pincers grip and squeeze the foe.,1,1,0,0,1,1
11,GUILLOTINE,GUILLOTINE,STEEL,1,30,OHKO,0,5,0,SELECTED,A vicious tearing attack with pincers. The foe will faint if it hits.,1,1,0,0,1,0
12,RAZOR_WIND,RAZOR WIND,NORMAL,80,100,RAZOR_WIND,0,10,0,BOTH,Blades of wind hit the foe on the 2nd turn. It has a high critical-hit ratio.,0,1,0,0,1,1
13,SWORDS_DANCE,SWORDS DANCE,NORMAL,0,0,ATTACK_UP_2,0,5,0,USER,A frenetic dance of fighting. It sharply raises the Ph.Atk stat.,0,0,0,1,0,0
14,CUT,CUT,NORMAL,50,95,HIT,0,30,0,SELECTED,A basic attack. It can be used to cut down thin trees and grass.,1,1,0,0,1,1
15,GUST,GUST,FLYING,20,80,TRAP,100,15,0,SELECTED,The foe is trapped in a gust of wind that rages for two to five turns.,0,1,0,0,1,1
16,WING_ATTACK,WING ATTACK,FLYING,60,100,HIT,0,25,0,BOTH,The foe is struck with large; imposing wings spread wide.,1,1,0,0,1,1
17,WHIRLWIND,WHIRLWIND,FLYING,0,100,ROAR,0,20,-6,SELECTED,The foe is made to switch out with an ally. In the wild; the battle ends.,0,1,0,0,1,0
18,FLY,FLY,FLYING,75,90,SEMI_INVULNERABLE,0,10,0,SELECTED,A 2-turn move that hits on the 2nd turn. Use it to fly to any known town.,1,1,0,0,1,1
19,BIND,BIND,NORMAL,25,85,TRAP,100,20,0,SELECTED,A long body or tentacles are used to bind the foe for two to five turns.,1,1,0,0,1,1
20,SLAM,INSULATION,GROUND,0,100,MUD_SPORT,0,15,0,USER_OR_SELECTED,Weakens ELECTRIC & FIRE type attacks while the user is in the battle.,0,0,0,0,0,0
21,VINE_WHIP,VINE WHIP,GRASS,20,100,DOUBLE_HIT,0,30,0,SELECTED,The foe is struck with slender; whip- like vines twice.,1,1,0,0,1,1
22,STOMP,STOMP,NORMAL,60,100,FLINCH_MINIMIZE_HIT,10,15,0,SELECTED,The foe is stomped with a big foot. It may make the foe flinch.,1,1,0,0,1,0
23,DOUBLE_KICK,DOUBLE KICK,FIGHTING,30,100,DOUBLE_HIT,0,30,0,SELECTED,Two legs are used to quickly kick the foe twice in one turn.,1,1,0,0,1,1
24,MEGA_KICK,MEGA KICK,NORMAL,120,75,HIT,0,5,0,SELECTED,The foe is attacked by a kick fired with muscle-packed power.,1,1,0,0,1,1
25,JUMP_KICK,JUMP KICK,FIGHTING,90,95,RECOIL_IF_MISS,0,25,0,SELECTED,The user jumps up high; then kicks. If it misses; the user hurts itself.,1,1,0,0,1,1
26,ROLLING_KICK,ROLLING KICK,FIGHTING,60,85,FLINCH_HIT,15,15,0,SELECTED,A quick kick from a rolling spin. It may make the foe flinch.,1,1,0,0,1,1
27,SAND_ATTACK,SAND-ATTACK,GROUND,0,100,ACCURACY_DOWN,0,20,0,BOTH,A lot of sand is hurled in the foe's face; reducing their accuracy.,0,1,1,0,1,0
28,HEADBUTT,HEADBUTT,NORMAL,75,90,FLINCH_HIT,15,15,0,SELECTED,The user sticks its head out and rams. It may make the foe flinch.,1,1,0,0,1,0
29,HORN_ATTACK,HORN ATTACK,NORMAL,65,100,HIT,0,25,0,SELECTED,The foe is jabbed with a sharply pointed horn to inflict damage.,1,1,0,0,1,1
30,FURY_ATTACK,X-SCISSOR,BUG,70,100,HIGH_CRITICAL,0,15,0,SELECTED,A large scissor is used to slash the foe. It has a high critical-hit ratio.,1,1,0,0,1,1
31,HORN_DRILL,HORN DRILL,NORMAL,1,30,OHKO,0,5,0,SELECTED,The horn is rotated like a drill to ram. The foe will faint if it hits.,1,1,0,0,1,0
32,TACKLE,TACKLE,NORMAL,35,100,HIT,0,35,0,SELECTED,A physical attack in which the user charges; full body; into the foe.,1,1,0,0,1,1
33,BODY_SLAM,BODY SLAM,NORMAL,75,100,PARALYZE_HIT,30,15,0,SELECTED,The user drops its full body on the foe. It may leave the foe paralyzed.,1,1,0,0,1,0
34,WRAP,STONE EDGE,ROCK,70,100,HIGH_CRITICAL,0,15,0,SELECTED,A large boulder is thrown at the foe. It has a high critical-hit ratio.,0,1,0,0,1,1
35,TAKE_DOWN,TAKE DOWN,NORMAL,90,85,RECOIL,0,20,0,SELECTED,A reckless; full- body charge attack that also hurts the user a little.,1,1,0,0,1,1
36,THRASH,THRASH,NORMAL,90,100,RAMPAGE,100,20,0,RANDOM,The user rampages about for two to three turns; then becomes confused.,1,1,0,0,1,1
37,DOUBLE_EDGE,DOUBLE-EDGE,NORMAL,120,100,DOUBLE_EDGE,0,15,0,SELECTED,A reckless; life- risking tackle that also hurts the user a little.,1,1,0,0,1,1
38,TAIL_WHIP,TAIL WHIP,NORMAL,0,100,DEFENSE_DOWN,0,40,0,BOTH,The user wags its tail cutely; making the foes lower their Ph.Def stat.,0,1,1,0,1,0
39,POISON_STING,POISON STING,POISON,25,100,POISON_HIT,30,25,0,SELECTED,The foe is stabbed with a toxic barb; etc. It may poison the foe.,0,1,0,0,1,0
40,TWINEEDLE,TWINEEDLE,BUG,25,100,TWINEEDLE,20,15,0,SELECTED,The foe is stabbed twice with foreleg stingers. It may poison the foe.,0,1,0,0,1,0
41,PIN_MISSILE,PIN MISSILE,BUG,15,90,MULTI_HIT,0,20,0,SELECTED,Sharp pins are shot at the foe and hit two to five times at once.,0,1,0,0,1,1
42,LEER,LEER,NORMAL,0,100,SPECIAL_DEFENSE_DOWN,0,40,0,BOTH,The foe is given an intimidating look that lowers its Ph.Def stat.,0,1,1,0,1,0
43,BITE,BITE,DARK,40,100,FLINCH_HIT,15,25,0,SELECTED,The user bites with vicious fangs. It may make the foe flinch.,1,1,0,0,1,0
44,GROWL,GROWL,NORMAL,0,100,ATTACK_DOWN,0,40,0,BOTH,The user growls in a cute way; making the foe lower their Ph.Atk stat.,0,1,1,0,1,0
45,ROAR,ROAR,DARK,0,100,ROAR,0,20,-6,SELECTED,The foe is made to switch out with an ally. In the wild; the battle ends.,0,1,0,0,1,0
46,SING,SING,NORMAL,0,50,SLEEP,0,15,0,FOES_AND_ALLY,A soothing song in a calming voice lulls the foe into a deep slumber.,0,1,1,0,1,0
47,SUPERSONIC,AVALANCHE,ICE,80,90,FLINCH_HIT,15,10,0,BOTH,Large ice-shards are hurled at the foe. It may make the foe flinch.,0,1,0,0,1,0
48,SONIC_BOOM,RAGE FIST,GHOST,30,95,ATTACK_UP_HIT,50,30,0,SELECTED,The foe is attacked with raging fists. It may also raise the user's Ph.Atk.,1,1,0,0,1,0
49,DISABLE,DISABLE,NORMAL,0,55,DISABLE,0,20,0,SELECTED,For a few turns; it prevents the foe from using the move it last used.,0,1,0,0,1,0
50,ACID,ACID,POISON,40,100,DEFENSE_DOWN_HIT,20,25,0,BOTH,The foe is sprayed with a harsh; hide- melting acid that may lower Ph.Def.,0,1,0,0,1,0
51,EMBER,EMBER,FIRE,35,100,BURN_HIT,10,25,0,SELECTED,The foe is attacked with small flames. The foe may suffer a burn.,0,1,0,0,1,0
52,FLAMETHROWER,FLAMETHROWER,FIRE,95,100,BURN_HIT,10,15,0,SELECTED,The foe is scorched with intense flames. The foe may suffer a burn.,0,1,0,0,1,0
53,MIST,MIST,ICE,0,0,MIST,0,30,0,USER,The ally party is protected by a mist that prevents stat reductions.,0,0,0,1,0,0
54,WATER_GUN,WATER GUN,WATER,40,100,HIT,0,30,0,SELECTED,The foe is struck with a lot of water expelled forcibly from the mouth.,0,1,0,0,1,1
55,HYDRO_PUMP,HYDRO PUMP,WATER,120,80,HIT,0,5,0,SELECTED,A high volume of water is blasted at the foe under great pressure.,0,1,0,0,1,1
56,SURF,SURF,WATER,95,100,HIT,0,15,0,BOTH,A big wave crashes down on the foe. Can also be used for crossing water.,0,1,0,0,1,1
57,ICE_BEAM,ICE BEAM,ICE,95,100,FREEZE_HIT,10,15,0,SELECTED,The foe is struck with an icy beam. It may freeze the foe solid.,0,1,0,0,1,0
58,BLIZZARD,BLIZZARD,ICE,120,85,FREEZE_HIT,10,5,0,BOTH,The foe is blasted with a blizzard. It may freeze the foe solid.,0,1,0,0,1,0
59,PSYBEAM,PSYBEAM,PSYCHIC,60,100,CONFUSE_HIT,10,20,0,SELECTED,A peculiar ray is shot at the foe. It may leave the foe confused.,0,1,0,0,1,0
60,BUBBLE_BEAM,BUBBLEBEAM,WATER,65,100,SPEED_DOWN_HIT,10,20,0,SELECTED,A spray of bubbles strikes the foe. It may lower the foe's SPEED stat.,0,1,0,0,1,0
61,AURORA_BEAM,AURORA BEAM,ICE,65,100,ATTACK_DOWN_HIT,20,20,0,SELECTED,A rainbow-colored attack beam. It may lower the foe's Ph.Atk stat.,0,1,0,0,1,0
62,HYPER_BEAM,HYPER BEAM,NORMAL,150,90,RECHARGE,0,5,0,SELECTED,A severely damaging attack that makes the user rest on the next turn.,0,1,0,0,1,1
63,PECK,PECK,FLYING,40,100,HIT,0,35,0,SELECTED,The foe is jabbed with a sharply pointed beak or horn.,1,1,0,0,1,1
64,DRILL_PECK,DRILL PECK,FLYING,70,100,ATTACK_UP_HIT,10,15,0,SELECTED,An attack with the sharp beak acting as a drill. It may raise Ph.Atk.,1,1,0,0,1,1
65,SUBMISSION,SUBMISSION,FIGHTING,80,85,RECOIL,0,25,0,SELECTED,A reckless; full- body throw attack that also hurts the user a little.,1,1,0,0,1,1
66,LOW_KICK,LOW KICK,FIGHTING,1,100,LOW_KICK,0,20,0,SELECTED,A low; tripping kick that inflicts more damage on heavier foes.,1,1,0,0,1,1
67,COUNTER,COUNTER,FIGHTING,1,100,COUNTER,0,20,-5,DEPENDS,A retaliation move that counters any physical hit with double the damage.,1,0,0,0,1,0
68,SEISMIC_TOSS,SEISMIC TOSS,FIGHTING,1,100,LEVEL_DAMAGE,0,20,0,SELECTED,A gravity-fed throw that causes damage matching the user's level.,1,1,0,0,1,1
69,STRENGTH,STRENGTH,NORMAL,80,100,HIT,0,15,0,SELECTED,The foe is slugged at maximum power. Can also be used to move boulders.,1,1,0,0,1,1
70,ABSORB,ABSORB,GRASS,25,100,ABSORB,0,20,0,SELECTED,An attack that absorbs half the damage it inflicted to restore HP.,0,1,0,0,1,0
71,MEGA_DRAIN,MEGA DRAIN,GRASS,40,100,ABSORB,0,10,0,SELECTED,A tough attack that drains half the damage it inflicted to restore HP.,0,1,0,0,1,0
72,LEECH_SEED,LEECH SEED,GRASS,0,90,LEECH_SEED,0,10,0,SELECTED,A seed is planted on the foe to steal some HP for the user on every turn.,0,1,1,0,1,0
73,GROWTH,GROWTH,NORMAL,0,0,SPECIAL_ATTACK_UP,0,30,0,USER,The user's body is forced to grow; raising the Sp.Atk stat.,0,0,0,1,0,0
74,RAZOR_LEAF,RAZOR LEAF,GRASS,50,100,HIGH_CRITICAL,0,25,0,SELECTED,The foe is hit with a cutting leaf. It has a high critical-hit ratio.,0,1,0,0,1,1
75,SOLAR_BEAM,SOLARBEAM,GRASS,120,100,SOLAR_BEAM,0,10,0,SELECTED,A 2-turn move that blasts the foe with absorbed energy in the 2nd turn.,0,1,0,0,1,1
76,POISON_POWDER,POISONPOWDER,POISON,0,80,POISON,0,20,0,SELECTED,Toxic dust is scattered wildly. It may paralyze the foe.,0,1,1,0,1,0
77,STUN_SPORE,STUN SPORE,GRASS,0,75,PARALYZE,0,20,0,SELECTED,Paralyzing dust is scattered wildly. It may paralyze the foe.,0,1,1,0,1,0
78,SLEEP_POWDER,SLEEP POWDER,GRASS,0,75,SLEEP,0,20,0,SELECTED,A sleep-inducing dust is scattered in high volume around a foe.,0,1,1,0,1,0
79,PETAL_DANCE,PETAL DANCE,GRASS,90,100,RAMPAGE,100,15,0,RANDOM,The user attacks with petals for two to three turns; then gets confused.,1,1,0,0,1,1
80,STRING_SHOT,STRING SHOT,BUG,0,100,SPEED_DOWN_2,0,40,0,SELECTED,The foe is bound with strings shot from the mouth to reduce its SPEED.,0,1,1,0,1,0
81,DRAGON_RAGE,DRAGON RAGE,DRAGON,1,100,DRAGON_RAGE,0,10,0,SELECTED,The foe is hit with a shock wave that always inflicts 40- HP damage.,0,1,0,0,1,1
82,FIRE_SPIN,FIRE SPIN,FIRE,20,80,TRAP,100,15,0,SELECTED,The foe is trapped in an intense spiral of fire that rages two to five turns.,0,1,0,0,1,1
83,THUNDER_SHOCK,THUNDERSHOCK,ELECTRIC,35,100,PARALYZE_HIT,10,25,0,SELECTED,An electric shock attack that may also leave the foe paralyzed.,0,1,0,0,1,0
84,THUNDERBOLT,THUNDERBOLT,ELECTRIC,95,100,PARALYZE_HIT,10,15,0,SELECTED,A strong electrical attack that may also leave the foe paralyzed.,0,1,0,0,1,0
85,THUNDER_WAVE,THUNDER WAVE,ELECTRIC,0,100,PARALYZE,0,20,0,SELECTED,A weak electric shock that is sure to cause paralysis if it hits.,0,1,1,0,1,0
86,THUNDER,THUNDER,ELECTRIC,120,70,THUNDER,30,10,0,SELECTED,A brutal lightning attack that may also leave the foe paralyzed.,0,1,0,0,1,0
87,ROCK_THROW,ROCK THROW,ROCK,40,100,HIT,0,25,0,SELECTED,The foe is attacked with a shower of small; easily thrown rocks.,0,1,0,0,1,1
88,EARTHQUAKE,EARTHQUAKE,GROUND,100,100,EARTHQUAKE,0,10,0,FOES_AND_ALLY,An earthquake that strikes all POKéMON in battle excluding the user.,0,1,0,0,1,1
89,FISSURE,FISSURE,GROUND,1,30,OHKO,0,5,0,SELECTED,The foe is dropped into a fissure. The foe faints if it hits.,0,1,0,0,1,0
90,DIG,DIG,GROUND,65,100,SEMI_INVULNERABLE,0,15,0,SELECTED,An attack that hits on the 2nd turn. Can also be used to exit dungeons.,1,1,0,0,1,1
91,TOXIC,TOXIC,POISON,0,85,TOXIC,100,10,0,SELECTED,A move that badly poisons the foe. Its poison damage worsens every turn.,0,1,1,0,1,0
92,CONFUSION,CONFUSION,PSYCHIC,40,100,CONFUSE_HIT,20,25,0,SELECTED,A weak telekinetic attack that may also leave the foe confused.,0,1,0,0,1,0
93,PSYCHIC,PSYCHIC,PSYCHIC,90,95,SPECIAL_DEFENSE_DOWN_HIT,20,15,0,SELECTED,A strong telekinetic attack. It may also lower the foe's Sp.Def  stat.,0,1,0,0,1,0
94,HYPNOSIS,HYPNOSIS,PSYCHIC,0,75,SLEEP,0,20,0,SELECTED,Hypnotic suggestion is used to make the foe fall into a deep sleep.,0,1,1,0,1,0
95,MEDITATE,BUG BUZZ,BUG,55,100,UPROAR,100,10,0,RANDOM,The user attacks with a loud buzz that prevents sleep for two to five turns.,0,1,0,0,1,1
96,AGILITY,AGILITY,FLYING,0,0,SPEED_UP_2,0,30,0,USER,The user relaxes and lightens its body to sharply boost its SPEED.,0,0,0,1,0,0
97,QUICK_ATTACK,QUICK ATTACK,NORMAL,50,90,QUICK_ATTACK,0,25,1,SELECTED,An almost invisibly fast attack that is certain to strike first.,1,1,0,0,1,1
98,RAGE,RAGE,NORMAL,20,100,RAGE,0,20,0,SELECTED,An attack that becomes stronger each time the user is hit in battle.,1,1,0,0,1,1
99,TELEPORT,TELEPORT,PSYCHIC,0,0,TELEPORT,0,20,0,USER,Use it to flee from any wild POKéMON. Also warps to the last POKé CENTER.,0,0,0,0,0,0
100,NIGHT_SHADE,NIGHT SHADE,GHOST,1,100,LEVEL_DAMAGE,0,20,0,SELECTED,An attack with a mirage that inflicts damage matching the user's level.,0,1,0,0,1,1
101,MIMIC,MIMIC,NORMAL,0,100,MIMIC,0,10,0,SELECTED,The user copies the move last used by the foe for the rest of the battle.,0,1,0,0,0,0
102,SCREECH,SCREECH,NORMAL,0,100,DEFENSE_DOWN_2,0,20,0,SELECTED,An ear-splitting screech is emitted to sharply reduce the foe's Ph.Def.,0,1,1,0,1,0
103,DOUBLE_TEAM,DOUBLE TEAM,NORMAL,0,0,EVASION_UP,0,15,0,USER,The user creates illusory copies of itself to raise its evasiveness.,0,0,0,1,0,0
104,RECOVER,RECOVER,NORMAL,0,100,RESTORE_HP,0,10,0,USER,A self-healing move that restores HP by up to half of the user's maximum HP.,0,0,0,1,0,0
105,HARDEN,HARDEN,NORMAL,0,0,DEFENSE_UP,0,30,0,USER,The user stiffens all the muscles in its body to raise its Ph.Def stat.,0,0,0,1,0,0
106,MINIMIZE,MINIMIZE,NORMAL,0,0,MINIMIZE,0,20,0,USER,The user compresses all the cells in its body to raise its evasiveness.,0,0,0,1,0,0
107,SMOKESCREEN,POISON JAB,POISON,30,95,ATTACK_UP_HIT,50,30,0,SELECTED,The foe is stabbed with poison arm. It may also raise the user's Ph.Atk.,1,1,0,0,1,0
108,CONFUSE_RAY,CONFUSE RAY,GHOST,0,80,CONFUSE,0,10,0,SELECTED,The foe is exposed to a sinister ray that triggers confusion.,0,1,1,0,1,0
109,WITHDRAW,SHADOW SNEAK,GHOST,40,100,QUICK_ATTACK,0,20,1,SELECTED,The user extends its shadow and attacks. It is certain to strike first.,1,1,0,0,1,1
110,DEFENSE_CURL,DEFENSE CURL,NORMAL,0,0,DEFENSE_CURL,0,40,0,USER,The user curls up to conceal weak spots and raise its Ph.Def stat.,0,0,0,1,0,0
111,BARRIER,ROCKY EXIT,ROCK,50,100,PURSUIT,0,20,0,SELECTED,An attack move that works especially well on a foe that is switching out.,0,1,0,0,1,0
112,LIGHT_SCREEN,LIGHT SCREEN,PSYCHIC,0,0,LIGHT_SCREEN,0,30,0,USER,A wall of light cuts damage from Sp.Atk attacks for five turns.,0,0,0,1,0,0
113,HAZE,HAZE,ICE,0,0,HAZE,0,30,0,USER,Eliminates all stat changes among all POKéMON engaged in battle.,0,1,0,0,0,0
114,REFLECT,REFLECT,PSYCHIC,0,0,REFLECT,0,20,0,USER,A wall of light cuts damage from physical attacks for five turns.,0,0,0,1,0,0
115,FOCUS_ENERGY,FOCUS ENERGY,NORMAL,0,0,FOCUS_ENERGY,0,30,0,USER,The user takes a deep breath and focuses to raise its critical-hit ratio.,0,0,0,1,0,0
116,BIDE,BIDE,NORMAL,1,100,BIDE,0,10,0,USER,The user endures attacks for two turns; then strikes back double.,1,1,0,0,0,1
117,METRONOME,METRONOME,NORMAL,0,0,METRONOME,0,10,0,DEPENDS,Waggles a finger and stimulates the brain into using any move at random.,0,0,0,0,0,0
118,MIRROR_MOVE,MIRROR MOVE,DARK,0,0,MIRROR_MOVE,0,20,0,DEPENDS,The user counters the move last used by the foe with the same move.,0,0,0,0,0,0
119,SELF_DESTRUCT,BITTER CURE,GRASS,75,95,SMELLINGSALT,100,10,0,SELECTED,Power increases if the target has some status problem and heals it.,0,1,0,0,1,1
120,EGG_BOMB,SCORCH,FIRE,75,95,SCORCH,30,10,0,BOTH,The foe is scorched and may get a burn. Damage increases if target is burnt.,0,1,0,0,1,1
121,LICK,LICK,GHOST,35,100,PARALYZE_HIT,10,25,0,SELECTED,The foe is licked and hit with a long tongue. It may also paralyze.,1,1,0,0,1,0
122,SMOG,SPEED STRIKE,FLYING,60,90,QUICK_ATTACK,0,20,1,SELECTED,The user uses its SPEED stat instead of its Ph.Atk and strikes first.,1,1,0,0,1,0
123,SLUDGE,SLUDGE,POISON,60,100,POISON_HIT,30,20,0,BOTH,Toxic sludge is hurled at the foe. It may poison the target.,0,1,0,0,1,0
124,BONE_CLUB,BONE CLUB,GROUND,60,85,FLINCH_HIT,20,15,0,SELECTED,The foe is clubbed with a bone held in hand. It may make the foe flinch.,0,1,0,0,1,0
125,FIRE_BLAST,FIRE BLAST,FIRE,120,85,BURN_HIT,10,5,0,SELECTED,The foe is hit with an intense flame. It may leave the target with a burn.,0,1,0,0,1,0
126,WATERFALL,WATERFALL,WATER,80,90,FLINCH_HIT,15,10,0,SELECTED,A powerful charge attack. It can also be used to climb a waterfall.,1,1,0,0,1,1
127,CLAMP,ACCELEROCK,ROCK,40,100,QUICK_ATTACK,0,20,1,SELECTED,The user smashes it- self into the target. It is certain to strike first.,1,1,0,0,1,1
128,SWIFT,SWIFT,NORMAL,60,0,ALWAYS_HIT,0,20,0,BOTH,Star-shaped rays that never miss are fired at all foes in battle.,0,1,0,0,1,1
129,SKULL_BASH,SKULL BASH,NORMAL,100,100,SKULL_BASH,0,15,0,SELECTED,The user raises its Ph.Def in the 1st turn; then attacks in the 2nd turn.,1,1,0,0,1,1
130,SPIKE_CANNON,OMINOUS WIND,GHOST,60,100,ALL_STATS_UP_HIT,16,5,0,SELECTED,The foe is attacked with gusty wind. It may raise all the user's stats.,0,1,0,0,1,1
131,CONSTRICT,SEAQUAKE,WATER,90,100,HIT,0,10,0,FOES_AND_ALLY,A seaquake that strikes all POKéMON in battle excluding the user.,0,1,0,0,1,1
132,AMNESIA,AMNESIA,PSYCHIC,0,0,SPECIAL_DEFENSE_UP_2,0,20,0,USER,Forgets about something and sharply raises Sp.Def.,0,0,0,1,0,0
133,KINESIS,ENERGY BALL,GRASS,90,95,SPECIAL_DEFENSE_DOWN_HIT,20,15,0,SELECTED,The user draws powers from nature to hit. It may lower the foe's Sp.Def.,0,1,0,0,1,0
134,SOFT_BOILED,LIFE ENERGY,NORMAL,0,100,SOFTBOILED,0,10,0,USER,Heals the user by up to half its full HP. It can be used to heal an ally.,0,0,0,1,1,0
135,HI_JUMP_KICK,HI JUMP KICK,FIGHTING,120,90,RECOIL_IF_MISS,0,5,0,SELECTED,A strong jumping knee kick. If it misses; the user is hurt.,1,1,0,0,1,1
136,GLARE,CROSS POISON,POISON,50,100,HIGH_CRITICAL,0,25,0,SELECTED,The foe is hit with a poisonous cut. It has a high critical-hit ratio.,1,1,0,0,1,1
137,DREAM_EATER,DREAM EATER,PSYCHIC,100,100,DREAM_EATER,0,15,0,SELECTED,Absorbs half the damage it inflicted on a sleeping foe to restore HP.,0,1,0,0,1,0
138,POISON_GAS,ICE SHARD,ICE,40,100,QUICK_ATTACK,0,20,1,SELECTED,Ice shards thrown at blinding speed. It is certain to strike first.,0,1,0,0,1,1
139,BARRAGE,MAGNET BOMB,STEEL,60,0,ALWAYS_HIT,0,20,0,SELECTED,user uses magnetic powers against the target. It can't be evaded.,0,1,0,0,1,1
140,LEECH_LIFE,LEECH LIFE,BUG,40,100,ABSORB,0,20,0,SELECTED,An attack that absorbs half the damage it inflicted to restore HP.,1,1,0,0,1,0
141,LOVELY_KISS,PAYBACK,DARK,50,100,REVENGE,0,10,-4,SELECTED,An attack move that gains in intensity if the target has hurt the user.,1,1,0,0,1,1
142,SKY_ATTACK,SKY ATTACK,FLYING,140,90,SKY_ATTACK,25,5,0,SELECTED,A 2nd-turn attack move with a high critical-hit ratio. The foe may flinch.,0,1,0,0,1,1
143,TRANSFORM,TRANSFORM,NORMAL,0,0,TRANSFORM,0,10,0,SELECTED,The user transforms into a copy of the foe with even the same move set.,0,0,0,0,0,0
144,BUBBLE,BUBBLE,WATER,40,100,SPEED_DOWN_HIT,50,20,0,BOTH,A spray of bubbles hits the foe. It may lower the foe's SPEED stat.,0,1,0,0,1,0
145,DIZZY_PUNCH,DIZZY PUNCH,NORMAL,75,100,CONFUSE_HIT,20,15,0,SELECTED,The foe is hit with a rhythmic punch that may leave it confused.,1,1,0,0,1,0
146,SPORE,SPORE,GRASS,0,100,SLEEP,0,5,0,SELECTED,The user scatters bursts of fine spores that induce sleep.,0,1,1,0,1,0
147,FLASH,FLASH,NORMAL,0,100,ACCURACY_DOWN,0,20,0,SELECTED,A blast of light that cuts the foe's accuracy. It also illuminates caves.,0,1,1,0,1,0
148,PSYWAVE,PSYWAVE,PSYCHIC,1,80,PSYWAVE,0,15,0,SELECTED,The foe is attacked with an odd; hot energy wave that varies in intensity.,0,1,0,0,1,1
149,SPLASH,SPLASH,NORMAL,0,0,SPLASH,0,40,0,USER,The user just flops and splashes around without having any effect.,0,0,0,0,0,0
150,ACID_ARMOR,ACID ARMOR,POISON,0,0,SPECIAL_DEFENSE_UP,0,40,0,USER,The user alters its cells to liquefy itself and raise Sp.Def.,0,0,0,1,0,0
151,CRABHAMMER,CRABHAMMER,WATER,70,100,HIGH_CRITICAL,0,15,0,SELECTED,A large pincer is used to hammer the foe. It has a high critical-hit ratio.,1,1,0,0,1,1
152,EXPLOSION,EXPLOSION,NORMAL,250,100,EXPLOSION,0,5,0,FOES_AND_ALLY,The user explodes to inflict terrible damage even while fainting itself.,0,1,0,0,1,1
153,FURY_SWIPES,FURY SWIPES,NORMAL,20,90,MULTI_HIT,0,20,0,SELECTED,The foe is raked with sharp claws or scythes two to five times.,1,1,0,0,1,1
154,BONEMERANG,BONEMERANG,GROUND,40,85,DOUBLE_HIT,0,10,0,SELECTED,The user throws a bone that hits the foe once; then once again on return.,0,1,0,0,1,1
155,REST,REST,PSYCHIC,0,0,REST,0,10,0,USER,The user sleeps for two turns to fully restore HP and heal any status problem.,0,0,0,1,0,0
156,ROCK_SLIDE,ROCK SLIDE,ROCK,80,90,FLINCH_HIT,15,10,0,BOTH,Large boulders are hurled at the foe. It may make the foe flinch.,0,1,0,0,1,0
157,HYPER_FANG,HYPER FANG,NORMAL,80,85,FLINCH_MINIMIZE_HIT,15,15,0,SELECTED,The foe is attacked with sharp fangs. It may make the foe flinch.,1,1,0,0,1,0
158,SHARPEN,SHARPEN,NORMAL,0,0,ATTACK_UP,0,30,0,USER,The user sharpens and raises its Ph.Atk stat.,0,0,0,1,0,0
159,CONVERSION,HIDDEN SKILL,NORMAL,0,100,CONVERSION,0,5,1,USER,Alters the user's ability depending on the users IVs.,0,0,0,0,0,0
160,TRI_ATTACK,TRI ATTACK,NORMAL,80,100,TRI_ATTACK,20,10,0,SELECTED,A simultaneous 3-beam attack that may paralyze; burn; or freeze the foe.,0,1,0,0,1,0
161,SUPER_FANG,SUPER FANG,NORMAL,1,90,SUPER_FANG,0,10,0,SELECTED,The user attacks with sharp fangs and halves the foe's HP.,1,1,0,0,1,0
162,SLASH,SLASH,NORMAL,70,100,HIGH_CRITICAL,0,15,0,SELECTED,The foe is slashed with claws; etc. It has a high critical-hit ratio.,1,1,0,0,1,1
163,SUBSTITUTE,SUBSTITUTE,NORMAL,0,0,SUBSTITUTE,0,10,0,USER,The user creates a decoy using one- quarter of its full HP.,0,0,0,1,0,0
164,STRUGGLE,STRUGGLE,NORMAL,50,100,RECOIL,0,1,0,SELECTED,An attack that is used only if there is no PP. It also hurts the user.,1,1,0,0,1,1
165,SKETCH,SKETCH,NORMAL,0,0,SKETCH,0,1,0,SELECTED,This move copies the move last used by the foe; then disappears.,0,0,0,0,0,0
166,TRIPLE_KICK,TRIPLE KICK,FIGHTING,10,90,TRIPLE_KICK,0,10,0,SELECTED,A 3-kick attack that becomes more powerful with each successive hit.,1,1,0,0,1,1
167,THIEF,THIEF,DARK,40,100,THIEF,100,10,0,SELECTED,An attack that may take the foe's held item if the user isn't holding one.,1,1,0,0,1,0
168,SPIDER_WEB,SPIDER WEB,BUG,0,100,SPEED_DOWN,0,20,0,BOTH,Ensnares the foe with sticky string so it doesn't flee or switch out.,0,1,1,0,1,0
169,MIND_READER,RIVALRY,NORMAL,50,90,HIT,0,5,0,SELECTED,Does more damage to the foe having the same gender as of the user.,1,1,0,0,1,0
170,NIGHTMARE,NIGHTMARE,GHOST,0,100,NIGHTMARE,0,15,0,SELECTED,A sleeping foe is shown a nightmare that inflicts some damage every turn.,0,1,0,0,1,0
171,FLAME_WHEEL,FLAME WHEEL,FIRE,60,100,THAW_HIT,10,25,0,SELECTED,The user makes a fiery charge at the foe. It may cause a burn.,1,1,0,0,1,0
172,SNORE,SNORE,NORMAL,80,100,SNORE,30,15,0,SELECTED,An attack that can be used only while asleep. It may cause flinching.,0,1,0,0,1,1
173,CURSE,CURSE,MYSTERY,0,0,CURSE,0,10,0,SELECTED,A move that works differently for the GHOST-type and all the other types.,0,0,0,0,0,0
174,FLAIL,FLAIL,NORMAL,1,100,FLAIL,0,15,0,SELECTED,A desperate attack that becomes more powerful the less HP the user has.,1,1,0,0,1,1
175,CONVERSION_2,CONVERSION 2,NORMAL,0,100,CONVERSION_2,0,30,0,USER,The user changes type to make itself resistant to the last attack it took.,0,0,0,0,0,0
176,AEROBLAST,AEROBLAST,FLYING,100,90,HIGH_CRITICAL,0,5,0,SELECTED,A vortex of air is shot at the foe. It has a high critical-hit ratio.,0,1,0,0,1,1
177,COTTON_SPORE,COTTON SPORE,GRASS,0,100,SPEED_DOWN_2,0,40,0,SELECTED,Cotton-like spores cling to the foe; sharply reducing its SPEED stat.,0,1,1,0,1,0
178,REVERSAL,REVERSAL,FIGHTING,1,100,FLAIL,0,15,0,SELECTED,An all-out attack that becomes more powerful the less HP the user has.,1,1,0,0,1,1
179,SPITE,SPITE,GHOST,0,100,SPITE,0,10,0,SELECTED,A move that cuts 2 to 5 PP from the move last used by the foe.,0,1,0,0,1,0
180,POWDER_SNOW,POWDER SNOW,ICE,40,100,FREEZE_HIT,10,25,0,BOTH,Blasts the foe with a snowy gust. It may cause freezing.,0,1,0,0,1,0
181,PROTECT,PROTECT,NORMAL,0,0,PROTECT,0,10,3,USER,Enables the user to evade all attacks. It may fail if used in succession.,0,0,0,0,0,0
182,MACH_PUNCH,MACH PUNCH,FIGHTING,40,100,QUICK_ATTACK,0,20,1,SELECTED,A punch thrown at blinding speed. It is certain to strike first.,1,1,0,0,1,1
183,SCARY_FACE,POWER UP HIT,FIGHTING,20,95,ATTACK_UP_HIT,100,20,0,SELECTED,The foe is attacked with a hard and strong fist. It raises the user's Ph.Atk.,1,1,0,0,1,0
184,FAINT_ATTACK,FAINT ATTACK,DARK,60,0,ALWAYS_HIT,0,20,0,SELECTED,The user draws up close to the foe disarmingly; then hits without fail.,0,1,0,0,1,1
185,SWEET_KISS,SKYQUAKE,FLYING,90,100,GUST,0,10,0,FOES_AND_ALLY,A skyquake that strikes all POKéMON in battle excluding the user.,0,1,0,0,1,1
186,BELLY_DRUM,BELLY DRUM,NORMAL,0,0,BELLY_DRUM,0,10,0,USER,The user maximizes its Ph.Atk stat at the cost of half its full HP.,0,0,0,1,0,0
187,SLUDGE_BOMB,SLUDGE BOMB,POISON,90,100,POISON_HIT,30,10,0,SELECTED,Filthy sludge is hurled at the foe. It may poison the target.,0,1,0,0,1,0
188,MUD_SLAP,MUD-SLAP,GROUND,30,100,ACCURACY_DOWN_HIT,50,20,0,SELECTED,Mud is hurled in the foe's face to inflict damage and lower its accuracy.,0,1,0,0,1,0
189,OCTAZOOKA,OCTAZOOKA,WATER,50,90,ACCURACY_DOWN_HIT,50,10,0,BOTH,Ink is blasted in the foe's face or eyes to damage and lower its accuracy.,0,1,0,0,1,0
190,SPIKES,SPIKES,GROUND,0,0,SPIKES,0,20,0,OPPONENTS_FIELD,A trap of spikes is laid around the foe's party to hurt foes switching in.,0,0,0,0,0,0
191,ZAP_CANNON,ZAP CANNON,ELECTRIC,100,50,PARALYZE_HIT,100,5,0,SELECTED,An electric blast is fired like a cannon to inflict damage and paralyze.,0,1,0,0,1,0
192,FORESIGHT,SHADOW CLAW,GHOST,70,100,HIGH_CRITICAL,0,15,0,SELECTED,The users uses its shadow to strike. It has a high critical-hit ratio.,1,1,0,0,1,1
193,DESTINY_BOND,DESTINY BOND,GHOST,0,0,DESTINY_BOND,0,5,0,USER,If the user faints; the foe delivering the final hit also faints.,0,0,0,0,0,0
194,PERISH_SONG,PERISH SONG,NORMAL,0,0,PERISH_SONG,0,5,0,USER,Any battler that hears this faints in three turns unless it switches.,0,0,0,0,0,0
195,ICY_WIND,ICY WIND,ICE,40,100,SPEED_DOWN_HIT,50,20,0,BOTH,A chilling wind is used to attack. It also lowers the SPEED stat.,0,1,0,0,1,0
196,DETECT,CRYSTAL BEAM,ROCK,65,100,SPECIAL_ATTACK_DOWN_HIT,20,20,0,SELECTED,A bright beam of light. It may also lower the foe's Sp.Atk stat.,0,1,0,0,1,0
197,BONE_RUSH,BONE RUSH,GROUND,15,90,MULTI_HIT,0,20,0,SELECTED,The user strikes the foe with a bone in hand two to five times.,0,1,0,0,1,1
198,LOCK_ON,LOCK-ON,NORMAL,0,100,LOCK_ON,0,5,0,SELECTED,The user locks on to the foe; making the next move sure to hit.,0,1,0,0,1,0
199,OUTRAGE,OUTRAGE,DRAGON,90,100,RAMPAGE,100,15,0,RANDOM,The user thrashes about for two to three turns; then becomes confused.,1,1,0,0,1,1
200,SANDSTORM,SANDSTORM,ROCK,0,0,SANDSTORM,0,10,0,USER,A 5-turn sandstorm that damages all types except ROCK; GROUND; and STEEL.,0,0,0,0,0,0
201,GIGA_DRAIN,GIGA DRAIN,GRASS,60,100,ABSORB,0,5,0,SELECTED,A harsh attack that absorbs half the damage it inflicted to restore HP.,0,1,0,0,1,0
202,ENDURE,ENDURE,NORMAL,0,0,ENDURE,0,5,3,USER,The user endures any hit with 1 HP left. It may fail if used in succession.,0,0,0,0,0,0
203,CHARM,CHARM,NORMAL,0,100,ATTACK_DOWN_2,0,20,0,SELECTED,The foe is charmed by the user's cute appeals; sharply cutting its Ph.Atk.,0,1,1,0,1,0
204,ROLLOUT,ROLLOUT,ROCK,30,90,ROLLOUT,0,20,0,SELECTED,A 5-turn rolling attack that becomes stronger each time it hits.,1,1,0,0,1,1
205,FALSE_SWIPE,FALSE SWIPE,NORMAL,40,100,FALSE_SWIPE,0,40,0,SELECTED,A restrained attack that always leaves the foe with at least 1 HP.,1,1,0,0,1,1
206,SWAGGER,SWAGGER,DARK,0,100,SWAGGER,100,15,0,SELECTED,It confuses the target but also raises its Ph.Atk sharply.,0,1,1,0,1,0
207,MILK_DRINK,AQUA CUTTER,GRASS,85,90,AQUA_CUTTER,25,10,0,SELECTED,It has a high critical-hit ratio. It may also make the foe flinch.,1,1,0,0,1,1
208,SPARK,SPARK,ELECTRIC,65,100,ATTACK_DOWN_HIT,20,20,0,SELECTED,An electrically charged tackle. It may lower the foe's Ph.Atk stat.,1,1,0,0,1,0
209,FURY_CUTTER,FURY CUTTER,BUG,90,100,RAMPAGE,100,15,0,RANDOM,An attack that grows stronger on each successive hit.,1,1,0,0,1,1
210,STEEL_WING,STEEL WING,STEEL,70,90,DEFENSE_UP_HIT,20,25,0,SELECTED,The foe is hit with wings of steel. It may also raise the user's Ph.Def.,1,1,0,0,1,1
211,MEAN_LOOK,MEAN LOOK,NORMAL,0,100,MEAN_LOOK,0,5,0,SELECTED,The foe is fixed with a mean look that prevents it from escaping.,0,1,1,0,1,0
212,ATTRACT,ATTRACT,NORMAL,0,100,ATTRACT,0,15,0,SELECTED,If it is the other gender; the foe is made infatuated and unlikely to attack.,0,1,1,0,1,0
213,SLEEP_TALK,SLEEP TALK,NORMAL,0,0,SLEEP_TALK,0,10,0,DEPENDS,While asleep; the user randomly uses one of the moves it knows.,0,0,0,0,0,0
214,HEAL_BELL,HEAL BELL,STEEL,0,0,HEAL_BELL,0,5,0,USER,A soothing bell chimes to heal the status problems of all allies.,0,0,0,1,0,0
215,RETURN,RETURN,NORMAL,1,100,RETURN,0,20,0,SELECTED,This attack move grows more powerful the more the user likes its TRAINER.,1,1,0,0,1,1
216,PRESENT,PRESENT,NORMAL,1,90,PRESENT,0,15,0,SELECTED,The foe is given a booby-trapped gift. It restores HP sometimes; however.,0,1,0,0,1,0
217,FRUSTRATION,FRUSTRATION,NORMAL,1,100,FRUSTRATION,0,20,0,SELECTED,This attack move grows more powerful the less the user likes its TRAINER.,1,1,0,0,1,1
218,SAFEGUARD,SAFEGUARD,NORMAL,0,0,SAFEGUARD,0,25,0,USER,It protects the user's party from all status problems for five turns.,0,0,0,1,0,0
219,PAIN_SPLIT,PAIN SPLIT,NORMAL,0,100,PAIN_SPLIT,0,20,0,SELECTED,The user adds its HP to the foe's HP; then equally shares the total HP.,0,1,0,0,1,0
220,SACRED_FIRE,SACRED FIRE,FIRE,100,90,HIGH_CRITICAL,0,5,0,SELECTED,A mystical and powerful fire attack with high critical -hit ratio.,0,1,0,0,1,1
221,MAGNITUDE,MAGNITUDE,GROUND,1,100,MAGNITUDE,0,30,0,FOES_AND_ALLY,A ground-shaking attack against all standing POKéMON. Its power varies.,0,1,0,0,1,1
222,DYNAMIC_PUNCH,DYNAMICPUNCH,FIGHTING,100,50,CONFUSE_HIT,100,5,0,SELECTED,The foe is punched with the user's full power. It confuses the foe if it hits.,1,1,0,0,1,0
223,MEGAHORN,MEGAHORN,BUG,120,90,HIT,0,10,0,SELECTED,A brutal ramming attack delivered with a tough and impressive horn.,1,1,0,0,1,1
224,DRAGON_BREATH,DRAGONBREATH,DRAGON,60,100,PARALYZE_HIT,30,20,0,SELECTED,The foe is hit with an incredible blast of breath that may also paralyze.,0,1,0,0,1,1
225,BATON_PASS,BATON PASS,NORMAL,0,0,BATON_PASS,0,40,0,USER,The user switches out; passing along any stat changes to the new battler.,0,0,0,0,0,0
226,ENCORE,ENCORE,NORMAL,0,100,ENCORE,0,5,0,SELECTED,Makes the foe use the move it last used repeatedly for two to six turns.,0,1,0,0,1,0
227,PURSUIT,PURSUIT,DARK,50,100,PURSUIT,0,20,0,SELECTED,An attack move that works especially well on a foe that is switching out.,1,1,0,0,1,0
228,RAPID_SPIN,RAPID SPIN,NORMAL,20,100,RAPID_SPIN,0,40,0,SELECTED,An attack that frees the user from BIND; LEECHSEED; and SPIKES.,1,1,0,0,1,1
229,SWEET_SCENT,SWEET SCENT,NORMAL,0,100,EVASION_DOWN,0,20,0,BOTH,Allures the foe to reduce evasiveness. It also attracts wild POKéMON.,0,1,1,0,1,0
230,IRON_TAIL,IRON TAIL,STEEL,90,95,DEFENSE_DOWN_HIT,20,15,0,SELECTED,An attack with a steel-hard tail. It may lower the foe's Ph.Def stat.,1,1,0,0,1,0
231,METAL_CLAW,METAL CLAW,STEEL,30,95,ATTACK_UP_HIT,50,30,0,SELECTED,The foe is attacked with steel claws. It may also raise the user's Ph.Atk.,1,1,0,0,1,0
232,VITAL_THROW,SLUDGE WAVE,POISON,110,100,POISON_HIT,20,10,0,FOES_AND_ALLY,An wave of sludge strikes all POKéMON in battle excluding the user.,0,1,0,0,1,1
233,MORNING_SUN,MORNING SUN,NORMAL,0,0,MORNING_SUN,0,15,0,USER,Restores the user's HP. The amount of HP regained varies with the weather.,0,0,0,1,0,0
234,SYNTHESIS,FIERY SHOTS,FIRE,15,90,MULTI_HIT,0,20,0,SELECTED,The user shoots fireballs at the foe. It hits Two to five times,0,1,0,0,1,1
235,MOONLIGHT,MOONLIGHT,NORMAL,0,0,MOONLIGHT,0,15,0,USER,Restores the user's HP. The amount of HP regained varies with the weather.,0,0,0,1,0,0
236,HIDDEN_POWER,HIDDEN POWER,NORMAL,1,100,HIDDEN_POWER,0,15,0,SELECTED,An attack that varies in type and intensity depending on the users IVs.,0,1,0,0,1,1
237,CROSS_CHOP,CROSS CHOP,FIGHTING,100,90,HIGH_CRITICAL,0,5,0,SELECTED,The foe is hit with double chops. It has a high critical-hit ratio.,1,1,0,0,1,1
238,TWISTER,TWISTER,DRAGON,40,100,TWISTER,20,20,0,BOTH,Does boosted damage if the target is FLYING or DIVING.,0,1,0,0,1,1
239,RAIN_DANCE,RAIN DANCE,WATER,0,0,RAIN_DANCE,0,5,0,USER,A heavy rain falls for five turns; powering up WATER- type moves.,0,0,0,0,0,0
240,SUNNY_DAY,SUNNY DAY,FIRE,0,0,SUNNY_DAY,0,5,0,USER,The sun blazes for five turns; powering up FIRE-type moves.,0,0,0,0,0,0
241,CRUNCH,CRUNCH,DARK,90,95,SPECIAL_DEFENSE_DOWN_HIT,20,15,0,SELECTED,The foe is crunched with sharp fangs. It may lower the foe's Sp.Def.,1,1,0,0,1,0
242,MIRROR_COAT,MIRROR COAT,PSYCHIC,1,100,MIRROR_COAT,0,20,-5,DEPENDS,A retaliation move that counters any special hit with double the damage.,0,0,0,0,1,0
243,PSYCH_UP,PSYCH UP,NORMAL,0,0,PSYCH_UP,0,10,0,SELECTED,The user hypnotizes itself into copying any stat change made by the foe.,0,0,0,1,0,0
244,EXTREME_SPEED,EXTREMESPEED,NORMAL,90,100,QUICK_ATTACK,0,5,2,SELECTED,A blindingly speedy charge attack that always goes before any other.,1,1,0,0,1,1
245,ANCIENT_POWER,ANCIENTPOWER,ROCK,60,100,ALL_STATS_UP_HIT,16,5,0,SELECTED,An ancient power is used to attack. It may also raise all the user's stats.,1,1,0,0,1,0
246,SHADOW_BALL,SHADOW BALL,GHOST,90,95,DEFENSE_DOWN_HIT,20,15,0,SELECTED,A shadowy blob is hurled at the foe. May also lower the foe's Ph.Def.,0,1,0,0,1,0
247,FUTURE_SIGHT,FUTURE SIGHT,PSYCHIC,80,90,FUTURE_SIGHT,0,15,0,SELECTED,Two turns after this move is used; the foe is attacked psychically.,0,0,0,0,0,0
248,ROCK_SMASH,ROCK SMASH,FIGHTING,25,100,DEFENSE_DOWN_HIT,100,20,0,SELECTED,An attack that cuts target's Ph.Def. It can also smash cracked boulders.,1,1,0,0,1,0
249,WHIRLPOOL,WHIRLPOOL,WATER,20,80,TRAP,100,15,0,SELECTED,The foe is trapped in a fast; vicious whirlpool for two to five turns.,0,1,0,0,1,1
250,BEAT_UP,AURA SPHERE,FIGHTING,60,0,ALWAYS_HIT,0,20,0,SELECTED,The users uses its aura to strike the foe. It can't be evaded.,1,1,0,0,1,1
251,FAKE_OUT,FAKE OUT,NORMAL,40,100,FAKE_OUT,0,10,1,SELECTED,An attack that hits first and causes flinching. Usable only on 1st turn.,0,1,0,0,1,0
252,UPROAR,UPROAR,NORMAL,50,100,UPROAR,100,10,0,RANDOM,The user attacks in an uproar that prevents sleep for two to five turns.,0,1,0,0,1,1
253,STOCKPILE,GRASS KNOT,GRASS,1,100,LOW_KICK,0,20,0,SELECTED,The foe is made to trip and fall. It inflicts more damage on heavier foes.,1,1,0,0,1,1
254,SPIT_UP,FLARE BLITZ,FIRE,120,100,DOUBLE_EDGE,0,15,0,SELECTED,The user throws a hot fiery tackle. It also hurts the user a little.,1,1,0,0,1,1
255,SWALLOW,WAVE CRASH,WATER,120,100,DOUBLE_EDGE,0,15,0,SELECTED,The user throws a high wave tackle. It also hurts the user a little.,1,1,0,0,1,1
256,HEAT_WAVE,HEAT WAVE,FIRE,100,90,BURN_HIT,10,15,0,BOTH,The user exhales a heated breath to attack. It may also inflict a burn.,0,1,0,0,1,0
257,HAIL,HAIL,ICE,0,0,HAIL,0,10,0,USER,A hailstorm lasting five turns damages all POKéMON except the ICE-type.,0,1,0,0,0,0
258,TORMENT,TORMENT,DARK,0,100,TORMENT,0,15,0,SELECTED,It enrages the foe; making it incapable of using the same move successively.,0,1,0,0,1,0
259,FLATTER,FLATTER,DARK,0,100,FLATTER,100,15,0,SELECTED,It confuses the target but also raises its Sp.Atk sharply.,0,1,1,0,1,0
260,WILL_O_WISP,WILL-O-WISP,FIRE,0,75,WILL_O_WISP,0,20,0,SELECTED,A sinister; bluish white flame is shot at the foe to inflict a burn.,0,1,1,0,1,0
261,MEMENTO,MEMENTO,DARK,0,100,MEMENTO,0,10,0,SELECTED,The user faints; but sharply lowers all of the foe's stats.,0,1,0,0,1,0
262,FACADE,FACADE,NORMAL,70,100,FACADE,0,20,0,SELECTED,An attack that is boosted if user is burned; poisoned; or paralyzed.,1,1,0,0,1,0
263,FOCUS_PUNCH,FOCUS PUNCH,FIGHTING,150,100,FOCUS_PUNCH,0,20,-3,SELECTED,An attack that is executed last. The user flinches if hit beforehand.,1,1,0,0,0,0
264,SMELLING_SALT,FROSTBITE,ICE,65,100,SPECIAL_ATTACK_DOWN_HIT,20,20,0,SELECTED,A strong icy bite. It may also lower the foe's Sp.Atk stat.,1,1,0,0,1,0
265,FOLLOW_ME,FOLLOW ME,NORMAL,0,100,FOLLOW_ME,0,20,3,USER,The user draws attention to itself; making foes attack only the user.,0,0,0,0,0,0
266,NATURE_POWER,NATURE POWER,NORMAL,0,0,NATURE_POWER,0,20,0,DEPENDS,An attack that changes type depending on the user's location.,0,0,0,0,0,0
267,CHARGE,CHARGE UP,ELECTRIC,0,0,SPECIAL_ATTACK_UP_2,0,5,0,USER,The user charges power to boost the ELECTRIC move it uses next.,0,0,0,1,0,0
268,TAUNT,TAUNT,DARK,0,100,TAUNT,0,20,0,SELECTED,Prevents the target from using non- damaging moves for next three turns.,0,1,0,0,0,0
269,HELPING_HAND,KILING SPREE,FIGHTING,90,100,RAMPAGE,100,15,0,RANDOM,The user thrashes about for two to three turns; then becomes confused.,1,1,0,0,1,1
270,TRICK,TRICK,PSYCHIC,0,100,TRICK,0,10,0,SELECTED,A move that tricks the foe into trading held items with the user.,0,1,0,0,1,0
271,ROLE_PLAY,ROLE PLAY,PSYCHIC,0,100,ROLE_PLAY,0,10,0,SELECTED,The user mimics the foe completely and copies the foe's ability.,0,0,0,0,0,0
272,WISH,WISH,NORMAL,0,100,WISH,0,10,0,USER,A self-healing move that restores half the full HP on the next turn.,0,1,0,0,0,0
273,ASSIST,BRAVE BIRD,FLYING,120,100,DOUBLE_EDGE,0,15,0,SELECTED,A reckless; life- risking tackle that also hurts the user a little.,1,1,0,0,1,1
274,INGRAIN,INGRAIN,GRASS,0,100,INGRAIN,0,20,0,USER,The user lays roots that restore HP on every turn. It can't switch out.,0,0,0,1,0,0
275,SUPERPOWER,SUPERPOWER,FIGHTING,120,100,SUPERPOWER,0,5,0,SELECTED,A powerful attack; but it also lowers the user's Ph.Atk and Ph.Def stats.,1,1,0,0,1,0
276,MAGIC_COAT,BLACK MIRROR,DARK,0,100,MAGIC_COAT,0,15,4,DEPENDS,Reflects back the foe's LEECH SEED and any status- damaging move.,0,0,0,0,0,0
277,RECYCLE,RECYCLE,NORMAL,0,100,RECYCLE,0,10,0,USER,A move that recycles a used item for use once more.,0,0,0,0,0,0
278,REVENGE,REVENGE,FIGHTING,50,100,REVENGE,0,10,-4,SELECTED,An attack move that gains in intensity if the target has hurt the user.,1,1,0,0,1,1
279,BRICK_BREAK,BRICK BREAK,FIGHTING,75,100,BRICK_BREAK,0,15,0,SELECTED,An attack that also breaks any barrier like LIGHT SCREEN and REFLECT.,1,1,0,0,1,1
280,YAWN,YAWN,DARK,0,100,YAWN,0,10,0,SELECTED,A huge yawn lulls the foe into falling asleep on the next turn.,0,1,1,0,1,0
281,KNOCK_OFF,KNOCK OFF,DARK,20,100,KNOCK_OFF,100,20,0,SELECTED,Knocks down the foe's held item to prevent its use during the battle.,1,1,0,0,1,0
282,ENDEAVOR,ENDEAVOR,NORMAL,1,100,ENDEAVOR,0,5,0,SELECTED,Reduces the foe's HP to equal the user's. Fails otherwise.,1,1,0,0,1,1
283,ERUPTION,ERUPTION,FIRE,150,100,ERUPTION,0,5,0,BOTH,The higher the user's HP; the more powerful this attack becomes.,0,1,0,0,1,1
284,SKILL_SWAP,SKILL SWAP,PSYCHIC,0,100,SKILL_SWAP,0,10,0,SELECTED,The user employs its psychic power to swap abilities with the foe.,0,1,0,0,1,0
285,IMPRISON,DUAL SCREEN,PSYCHIC,0,0,DUAL_SCREEN,0,20,0,USER,A wall of light cuts damage from all direct attacks for three turns.,0,0,0,1,0,0
286,REFRESH,REFRESH,NORMAL,0,100,REFRESH,0,20,0,USER,A self-healing move that cures the user of a poisoning; burn; or paralysis.,0,0,0,1,0,0
287,GRUDGE,GRUDGE,GHOST,0,100,GRUDGE,0,5,0,USER,If the user faints; this move deletes the PP of the move that finished it.,0,1,0,0,1,0
288,SNATCH,SNATCH,DARK,0,100,SNATCH,0,10,4,DEPENDS,Steals the effects of the foe's healing or status- changing move.,0,0,0,0,0,0
289,SECRET_POWER,SECRET POWER,NORMAL,50,100,SECRET_POWER,25,20,0,SELECTED,An attack that may have an additional random effect. ,0,1,0,0,1,0
290,DIVE,DIVE,WATER,75,90,SEMI_INVULNERABLE,0,15,0,SELECTED,The user dives underwater on the first turn and strikes next turn.,1,1,0,0,1,1
291,ARM_THRUST,ARM THRUST,FIGHTING,15,90,MULTI_HIT,0,20,0,SELECTED,A quick flurry of straight-arm punches that hit two to five times.,1,1,0,0,1,1
292,CAMOUFLAGE,HIDDEN TYPE,NORMAL,0,100,CAMOUFLAGE,0,5,1,USER,Alters the user's type depending on the users IVs.,0,0,0,1,0,0
293,TAIL_GLOW,DUAL CHOP,DRAGON,30,100,DOUBLE_HIT,0,30,0,SELECTED,The user aggresively strike the foe twice in one turn.,1,1,0,0,1,1
294,LUSTER_PURGE,DARK PULSE,DARK,65,100,FLINCH_MINIMIZE_HIT,10,15,0,SELECTED,The user attacks with an odd power that may make the foe flinch.,0,1,0,0,1,0
295,MIST_BALL,DRAGON PULSE,DRAGON,65,100,FLINCH_MINIMIZE_HIT,10,15,0,SELECTED,The user attacks with an odd power that may make the foe flinch.,0,1,0,0,1,0
296,FEATHER_DANCE,RETURN FIRE,FIRE,50,100,REVENGE,0,10,-4,SELECTED,An attack move that gains in intensity if the target has hurt the user.,1,1,0,0,1,1
297,TEETER_DANCE,TEETER DANCE,NORMAL,0,100,TEETER_DANCE,100,10,0,FOES_AND_ALLY,A wobbly dance that confuses all the POKéMON in battle.,0,1,0,0,0,0
298,BLAZE_KICK,BLAZE KICK,FIRE,80,90,BLAZE_KICK,10,10,0,SELECTED,A fiery kick with a high critical-hit ratio. It may also burn the foe.,1,1,0,0,1,0
299,MUD_SPORT,EARTH POWER,GROUND,90,95,DEFENSE_DOWN_HIT,20,15,0,SELECTED,An attack that hits from beneath and may lower target's Ph.Def.,0,1,0,0,1,0
300,ICE_BALL,ICE BALL,ICE,30,90,ROLLOUT,0,20,0,SELECTED,A 5-turn rolling attack that becomes stronger each time it hits.,1,1,0,0,1,1
301,NEEDLE_ARM,NEEDLE ARM,BUG,60,100,FLINCH_MINIMIZE_HIT,10,15,0,SELECTED,An attack using thorny arms. It may make the foe flinch.,1,1,0,0,1,0
302,SLACK_OFF,SLACK OFF,NORMAL,0,100,RESTORE_HP,0,15,0,USER,The user slacks off and restores its HP by half its full HP.,0,0,0,1,0,0
303,HYPER_VOICE,HYPER VOICE,NORMAL,90,100,HIT,0,10,0,BOTH,The user lets loose a horribly loud shout with the power to damage.,0,1,0,0,1,0
304,POISON_FANG,POISON FANG,POISON,50,100,POISON_FANG,30,15,0,SELECTED,The foe is bitten with toxic fangs. It may also badly poison the foe.,1,1,0,0,1,0
305,CRUSH_CLAW,CRUSH CLAW,ROCK,90,95,DEFENSE_DOWN_HIT,20,15,0,SELECTED,The foe is attacked with sharp claws. It may also lower the foe's Ph.Def.,1,1,0,0,1,0
306,BLAST_BURN,BLAST BURN,FIRE,150,90,RECHARGE,0,5,0,SELECTED,The foe is hit with a huge explosion. The user can't move on the next turn.,0,1,0,0,1,1
307,HYDRO_CANNON,HYDRO CANNON,WATER,150,90,RECHARGE,0,5,0,SELECTED,The foe is hit with a watery cannon. The user can't move on the next turn.,0,1,0,0,1,1
308,METEOR_MASH,METEOR MASH,STEEL,100,90,ATTACK_UP_HIT,20,10,0,SELECTED,The foe is hit with a hard; fast punch. It may also raise the user's Ph.Atk.,1,1,0,0,1,1
309,ASTONISH,ASTONISH,GHOST,60,100,FLINCH_MINIMIZE_HIT,10,15,0,SELECTED,An attack using a startling shout. It also may make the foe flinch.,1,1,0,0,1,0
310,WEATHER_BALL,WEATHER BALL,NORMAL,50,100,WEATHER_BALL,0,10,0,SELECTED,An attack that varies in power and type depending on the weather.,0,1,0,0,1,1
311,AROMATHERAPY,FOCUS BOOST,PSYCHIC,0,100,FOCUS_BOOST,100,10,-3,SELECTED,User raises all of its stats. The user flinches if hit beforehand.,0,0,0,0,1,0
312,FAKE_TEARS,HEAD SMASH,ROCK,120,100,DOUBLE_EDGE,0,15,0,SELECTED,A reckless; life- risking tackle that also hurts the user a little.,1,1,0,0,1,1
313,AIR_CUTTER,AIR CUTTER,FLYING,50,100,HIGH_CRITICAL,0,25,0,SELECTED,The foe is hit with razor-like wind. It has a high critical-hit ratio.,0,1,0,0,1,1
314,OVERHEAT,OVERHEAT,FIRE,140,90,OVERHEAT,100,5,0,SELECTED,An intense attack that also sharply reduces the user's Sp.Atk stat.,1,1,0,0,1,1
315,ODOR_SLEUTH,ODOR SLEUTH,NORMAL,0,100,FORESIGHT,0,40,0,SELECTED,Completely negates the foe's efforts to heighten its ability to evade.,0,1,0,0,1,0
316,ROCK_TOMB,ROCK TOMB,ROCK,55,95,SPEED_DOWN_HIT,100,15,0,SELECTED,Boulders are hurled at the foe. It also lowers the foe's SPEED if it hits.,0,1,0,0,1,0
317,SILVER_WIND,SILVER WIND,BUG,60,100,ALL_STATS_UP_HIT,16,5,0,SELECTED,The foe is attacked with a silver dust. It may raise all the user's stats.,0,1,0,0,1,1
318,METAL_SOUND,METAL SOUND,STEEL,0,100,SPECIAL_DEFENSE_DOWN_2,0,20,0,SELECTED,A horrible metallic screech is used to sharply lower the foe's Sp.Def.,0,1,1,0,1,0
319,GRASS_WHISTLE,DRILL RUN,GROUND,70,100,HIGH_CRITICAL,0,15,0,SELECTED,The foe is slashed with a sharp drill. It has a high critical-hit ratio.,1,1,0,0,1,1
320,TICKLE,TICKLE,DARK,0,100,TICKLE,0,20,0,SELECTED,The foe is made to laugh; reducing its Ph.Atk and Ph.Def stats.,0,1,1,0,1,1
321,COSMIC_POWER,COSMIC POWER,PSYCHIC,0,0,COSMIC_POWER,0,20,0,USER,The user absorbs a mystic power to raise its Ph.Def and Sp.Def.,0,0,0,1,0,0
322,WATER_SPOUT,WATER SPOUT,WATER,150,100,ERUPTION,0,5,0,BOTH,The higher the user's HP; the more powerful this attack becomes.,0,1,0,0,1,0
323,SIGNAL_BEAM,SIGNAL BEAM,BUG,80,100,CONFUSE_HIT,10,15,0,SELECTED,The foe is hit with a flashing beam that may also cause confusion.,0,1,0,0,1,1
324,SHADOW_PUNCH,SHADOW PUNCH,GHOST,60,0,ALWAYS_HIT,0,20,0,SELECTED,The user throws a punch from the shadows. It cannot be evaded.,1,1,0,0,1,1
325,EXTRASENSORY,EXTRASENSORY,PSYCHIC,60,100,FLINCH_MINIMIZE_HIT,10,15,0,SELECTED,The user attacks with an odd power that may make the foe flinch.,0,1,0,0,1,0
326,SKY_UPPERCUT,SKY UPPERCUT,FIGHTING,85,90,SKY_UPPERCUT,0,15,0,SELECTED,The user attacks with an uppercut thrown skywards with force.,1,1,0,0,1,1
327,SAND_TOMB,SAND TOMB,GROUND,20,80,TRAP,100,15,0,SELECTED,The foe is trapped inside a painful sandstorm for two to five turns.,0,1,0,0,1,1
328,SHEER_COLD,SHEER COLD,ICE,1,30,OHKO,0,5,0,SELECTED,The foe is attacked with ultimate cold that causes fainting if it hits.,0,1,0,0,1,0
329,MUDDY_WATER,MUDDY WATER,WATER,80,90,ACCURACY_DOWN_HIT,50,10,0,SELECTED,The user attacks with muddy water. It may also lower the foe's accuracy.,0,1,0,0,1,1
330,BULLET_SEED,BULLET SEED,GRASS,15,90,MULTI_HIT,0,20,0,SELECTED,The user shoots seeds at the foe. Two to five seeds are shot at once.,0,1,0,0,1,1
331,AERIAL_ACE,AERIAL ACE,FLYING,60,0,ALWAYS_HIT,0,20,0,SELECTED,An extremely fast attack against one target. It can't be evaded.,1,1,0,0,1,1
332,ICICLE_SPEAR,ICICLE SPEAR,ICE,15,90,MULTI_HIT,0,20,0,SELECTED,Sharp icicles are fired at the foe. It strikes two to five times.,0,1,0,0,1,1
333,IRON_DEFENSE,IRON DEFENSE,STEEL,0,0,DEFENSE_UP_2,0,15,0,USER,The user hardens its body's surface to sharply raise its Ph.Def stat.,0,0,0,1,0,0
334,BLOCK,INFESTATION,BUG,90,95,DEFENSE_DOWN_HIT,20,15,0,SELECTED,The foe is attacked by a swarm of bugs. It may lower the foe's Ph.Def.,1,1,0,0,1,0
335,HOWL,PHANTOM RAID,GHOST,90,100,RAMPAGE,100,15,0,RANDOM,The user thrashes about for two to three turns; then becomes confused.,1,1,0,0,1,1
336,DRAGON_CLAW,DRAGON CLAW,DRAGON,80,100,HIGH_CRITICAL,0,15,0,SELECTED,Sharp; huge claws hook and slash the foe quickly and with great power.,1,1,0,0,1,1
337,FRENZY_PLANT,FRENZY PLANT,GRASS,150,90,RECHARGE,0,5,0,SELECTED,The foe is hit with an enormous branch. The user can't move on the next turn.,0,1,0,0,1,1
338,BULK_UP,BULK UP,FIGHTING,0,0,BULK_UP,0,20,0,USER,The user bulks up its body to boost both its Ph.Atk and Ph.Def stats.,0,0,0,1,0,0
339,BOUNCE,DRIP-DROP,WATER,20,95,FURY_CUTTER,0,20,0,SELECTED,An attack that grows stronger on each successive hit.,0,1,0,0,1,1
340,MUD_SHOT,MUD SHOT,GROUND,55,95,SPEED_DOWN_HIT,100,15,0,SELECTED,The user attacks by hurling mud. It also reduces the foe's SPEED.,0,1,0,0,1,1
341,POISON_TAIL,POISON TAIL,POISON,50,100,POISON_TAIL,30,25,0,SELECTED,An attack with a high critical-hit ratio. It may also poison the foe.,1,1,0,0,1,1
342,COVET,NIGHT SLASH,DARK,70,100,HIGH_CRITICAL,0,15,0,SELECTED,The foe is slashed with a sharp swipe. It has a high critical-hit ratio.,1,1,0,0,1,1
343,VOLT_TACKLE,VOLT TACKLE,ELECTRIC,120,100,DOUBLE_EDGE,0,15,0,SELECTED,The user throws an electrified tackle. It also hurts the user a little.,1,1,0,0,1,1
344,MAGICAL_LEAF,MAGICAL LEAF,GRASS,60,0,ALWAYS_HIT,0,20,0,SELECTED,The foe is attacked with strange leaves that cannot be evaded.,0,1,0,0,1,1
345,WATER_SPORT,AZURE DRIVE,DRAGON,90,95,SPECIAL_DEFENSE_DOWN_HIT,20,15,0,SELECTED,An attack that hits from above and may lower target's Sp.Def.,1,1,0,0,1,0
346,CALM_MIND,CALM MIND,PSYCHIC,0,0,CALM_MIND,0,20,0,USER,The user focuses its mind to raise the Sp.Atk and Sp.Def stats.,0,0,0,1,0,0
347,LEAF_BLADE,LEAF BLADE,GRASS,80,90,HIGH_CRITICAL,0,10,0,SELECTED,The foe is slashed with a sharp leaf. It has a high critical-hit ratio.,1,1,0,0,1,1
348,DRAGON_DANCE,DRAGON DANCE,DRAGON,0,0,DRAGON_DANCE,0,20,0,USER,A mystic; powerful dance that boosts the user's Ph.Atk and SPEED stats.,0,0,0,1,0,0
349,ROCK_BLAST,ROCK BLAST,ROCK,15,90,MULTI_HIT,0,20,0,SELECTED,The user hurls two to five hard rocks at the foe to attack.,0,1,0,0,1,1
350,SHOCK_WAVE,SHOCK WAVE,ELECTRIC,60,0,ALWAYS_HIT,0,20,0,SELECTED,A rapid jolt of electricity strikes the foe. It can't be evaded.,0,1,0,0,1,1
351,WATER_PULSE,WATER PULSE,WATER,60,100,CONFUSE_HIT,20,20,0,SELECTED,An attack with a pulsing blast of water. It may also confuse the foe.,0,1,0,0,1,1
352,DOOM_DESIRE,DRACO METEOR,DRAGON,140,90,OVERHEAT,100,5,0,SELECTED,An intense attack that also sharply reduces the user's Sp.Atk stat.,0,1,0,0,1,1
353,PSYCHO_BOOST,PSYCHO BOOST,PSYCHIC,140,90,OVERHEAT,100,5,0,SELECTED,An intense attack that also sharply reduces the user's Sp.Atk stat.,0,1,0,0,1,1
