OldIndex,NewIndex,Name,Sprite,Type1,Type2,Abil1,Abil2,HP,PA,PD,SA,SD,SP,BST
152,001,"SNIVY",https://raw.githubusercontent.com/Ebadulislam1001/FireRed_RomHack/refs/heads/main/graphics/pokemon/chikorita/front.png,GRASS,...,OVERGROW,...,45,49,65,49,65,45,318
153,002,"SERVINE",https://raw.githubusercontent.com/Ebadulislam1001/FireRed_RomHack/refs/heads/main/graphics/pokemon/bayleef/front.png,GRASS,...,OVERGROW,...,60,62,80,63,80,60,405
154,003,"SPIRITREE",https://raw.githubusercontent.com/Ebadulislam1001/FireRed_RomHack/refs/heads/main/graphics/pokemon/meganium/front.png,GRASS,GHOST,SERENE_GRACE,...,80,82,100,83,100,80,525
155,004,"CYNDAQUIL",https://raw.githubusercontent.com/Ebadulislam1001/FireRed_RomHack/refs/heads/main/graphics/pokemon/cyndaquil/front.png,FIRE,...,BLAZE,...,39,52,43,60,50,65,309
156,005,"QUILAVA",https://raw.githubusercontent.com/Ebadulislam1001/FireRed_RomHack/refs/heads/main/graphics/pokemon/quilava/front.png,FIRE,...,BLAZE,...,58,64,58,80,65,80,405
157,006,"SEPTEMBER",https://raw.githubusercontent.com/Ebadulislam1001/FireRed_RomHack/refs/heads/main/graphics/pokemon/typhlosion/front.png,FIRE,DARK,INTIMIDATE,...,78,84,78,109,85,100,534
158,007,"TOTODILE",https://raw.githubusercontent.com/Ebadulislam1001/FireRed_RomHack/refs/heads/main/graphics/pokemon/totodile/front.png,WATER,...,TORRENT,...,50,65,64,44,48,43,314
159,008,"CROCONAW",https://raw.githubusercontent.com/Ebadulislam1001/FireRed_RomHack/refs/heads/main/graphics/pokemon/croconaw/front.png,WATER,...,TORRENT,...,65,80,80,59,63,58,405
160,009,"REXOBOXER",https://raw.githubusercontent.com/Ebadulislam1001/FireRed_RomHack/refs/heads/main/graphics/pokemon/feraligatr/front.png,WATER,FIGHTING,IMPULSE,...,85,105,100,79,83,78,530
019,010,"RATTATA",https://raw.githubusercontent.com/Ebadulislam1001/FireRed_RomHack/refs/heads/main/graphics/pokemon/rattata/front.png,NORMAL,...,GUTS,...,30,56,35,25,35,72,253
020,011,"RATICATE",https://raw.githubusercontent.com/Ebadulislam1001/FireRed_RomHack/refs/heads/main/graphics/pokemon/raticate/front.png,NORMAL,...,GUTS,...,55,81,60,50,70,97,413
161,012,"BIDOOF",https://raw.githubusercontent.com/Ebadulislam1001/FireRed_RomHack/refs/heads/main/graphics/pokemon/sentret/front.png,NORMAL,...,PICKUP,...,35,46,34,35,45,20,215
162,013,"BIBAREL",https://raw.githubusercontent.com/Ebadulislam1001/FireRed_RomHack/refs/heads/main/graphics/pokemon/furret/front.png,NORMAL,WATER,PICKUP,...,85,76,64,45,55,90,415
263,014,"ZIGZAGOON",https://raw.githubusercontent.com/Ebadulislam1001/FireRed_RomHack/refs/heads/main/graphics/pokemon/zigzagoon/front.png,NORMAL,...,RUN_AWAY,...,38,30,41,30,41,60,240
264,015,"LINOONE",https://raw.githubusercontent.com/Ebadulislam1001/FireRed_RomHack/refs/heads/main/graphics/pokemon/linoone/front.png,NORMAL,...,SPEED_BOOST,...,78,70,61,50,61,100,420
265,016,"OBSTAGOON",https://raw.githubusercontent.com/Ebadulislam1001/FireRed_RomHack/refs/heads/main/graphics/pokemon/wurmple/front.png,NORMAL,DARK,PURE_POWER,...,45,45,35,20,30,20,195
261,017,"POOCHYENA",https://raw.githubusercontent.com/Ebadulislam1001/FireRed_RomHack/refs/heads/main/graphics/pokemon/poochyena/front.png,DARK,...,RUN_AWAY,...,35,55,35,30,30,35,220
262,018,"MIGHTYENA",https://raw.githubusercontent.com/Ebadulislam1001/FireRed_RomHack/refs/heads/main/graphics/pokemon/mightyena/front.png,DARK,...,INTIMIDATE,...,70,90,70,60,60,70,420
016,019,"PIDGEY",https://raw.githubusercontent.com/Ebadulislam1001/FireRed_RomHack/refs/heads/main/graphics/pokemon/pidgey/front.png,NORMAL,FLYING,KEEN_EYE,...,40,45,40,35,35,56,251
017,020,"PIDGEOTTO",https://raw.githubusercontent.com/Ebadulislam1001/FireRed_RomHack/refs/heads/main/graphics/pokemon/pidgeotto/front.png,NORMAL,FLYING,KEEN_EYE,...,63,60,55,50,50,71,349
018,021,"PIDGEOT",https://raw.githubusercontent.com/Ebadulislam1001/FireRed_RomHack/refs/heads/main/graphics/pokemon/pidgeot/front.png,NORMAL,FLYING,KEEN_EYE,...,83,80,75,70,70,91,469
276,022,"TAILLOW",https://raw.githubusercontent.com/Ebadulislam1001/FireRed_RomHack/refs/heads/main/graphics/pokemon/taillow/front.png,NORMAL,FLYING,GUTS,...,40,55,30,30,30,85,270
277,023,"SWELLOW",https://raw.githubusercontent.com/Ebadulislam1001/FireRed_RomHack/refs/heads/main/graphics/pokemon/swellow/front.png,NORMAL,FLYING,GUTS,...,60,85,60,50,50,125,430
163,024,"HOOTHOOT",https://raw.githubusercontent.com/Ebadulislam1001/FireRed_RomHack/refs/heads/main/graphics/pokemon/hoothoot/front.png,FLYING,...,INSOMNIA,...,60,30,30,36,56,50,262
164,025,"NOCTOWL",https://raw.githubusercontent.com/Ebadulislam1001/FireRed_RomHack/refs/heads/main/graphics/pokemon/noctowl/front.png,FLYING,GHOST,INSOMNIA,...,100,50,50,76,96,70,442
177,026,"PIDOVE",https://raw.githubusercontent.com/Ebadulislam1001/FireRed_RomHack/refs/heads/main/graphics/pokemon/natu/front.png,FLYING,...,SYNCHRONIZE,...,40,50,45,70,45,70,320
178,027,"UNFEZANT",https://raw.githubusercontent.com/Ebadulislam1001/FireRed_RomHack/refs/heads/main/graphics/pokemon/xatu/front.png,FLYING,PSYCHIC,SYNCHRONIZE,...,65,75,70,95,70,95,470
021,028,"SPEAROW",https://raw.githubusercontent.com/Ebadulislam1001/FireRed_RomHack/refs/heads/main/graphics/pokemon/spearow/front.png,FLYING,...,PRESSURE,...,40,60,30,31,31,70,262
022,029,"FEAROW",https://raw.githubusercontent.com/Ebadulislam1001/FireRed_RomHack/refs/heads/main/graphics/pokemon/fearow/front.png,FLYING,DARK,PRESSURE,...,65,90,65,61,61,100,442
084,030,"DODUO",https://raw.githubusercontent.com/Ebadulislam1001/FireRed_RomHack/refs/heads/main/graphics/pokemon/doduo/front.png,FLYING,...,EARLY_BIRD,...,35,85,45,35,35,75,310
085,031,"DODRIO",https://raw.githubusercontent.com/Ebadulislam1001/FireRed_RomHack/refs/heads/main/graphics/pokemon/dodrio/front.png,FLYING,FIGHTING,EARLY_BIRD,...,60,110,70,60,60,100,460
278,032,"WINGULL",https://raw.githubusercontent.com/Ebadulislam1001/FireRed_RomHack/refs/heads/main/graphics/pokemon/wingull/front.png,WATER,FLYING,WATER_VEIL,...,40,30,30,55,30,85,270
279,033,"PELIPPER",https://raw.githubusercontent.com/Ebadulislam1001/FireRed_RomHack/refs/heads/main/graphics/pokemon/pelipper/front.png,WATER,FLYING,WATER_VEIL,...,60,50,100,85,70,65,430
010,034,"CATERPIE",https://raw.githubusercontent.com/Ebadulislam1001/FireRed_RomHack/refs/heads/main/graphics/pokemon/caterpie/front.png,BUG,...,SHIELD_DUST,...,45,30,35,20,20,45,195
011,035,"METAPOD",https://raw.githubusercontent.com/Ebadulislam1001/FireRed_RomHack/refs/heads/main/graphics/pokemon/metapod/front.png,BUG,...,SHED_SKIN,...,50,20,55,25,25,30,205
049,036,"METAMOTH",https://raw.githubusercontent.com/Ebadulislam1001/FireRed_RomHack/refs/heads/main/graphics/pokemon/venomoth/front.png,BUG,PSYCHIC,SHIELD_DUST,...,70,65,60,90,75,90,450
013,037,"WEEDLE",https://raw.githubusercontent.com/Ebadulislam1001/FireRed_RomHack/refs/heads/main/graphics/pokemon/weedle/front.png,BUG,POISON,SHIELD_DUST,...,40,35,30,20,20,50,195
014,038,"KAKUNA",https://raw.githubusercontent.com/Ebadulislam1001/FireRed_RomHack/refs/heads/main/graphics/pokemon/kakuna/front.png,BUG,POISON,SHED_SKIN,...,45,25,50,25,25,35,205
015,039,"BEEDRILL",https://raw.githubusercontent.com/Ebadulislam1001/FireRed_RomHack/refs/heads/main/graphics/pokemon/beedrill/front.png,BUG,POISON,SWARM,...,65,80,40,45,80,75,385
165,040,"KRICKETOT",https://raw.githubusercontent.com/Ebadulislam1001/FireRed_RomHack/refs/heads/main/graphics/pokemon/ledyba/front.png,BUG,...,SWARM,...,40,20,30,40,80,55,265
166,041,"KRICKETUNE",https://raw.githubusercontent.com/Ebadulislam1001/FireRed_RomHack/refs/heads/main/graphics/pokemon/ledian/front.png,BUG,...,SWARM,...,55,35,50,55,110,85,390
167,042,"SPINARAK",https://raw.githubusercontent.com/Ebadulislam1001/FireRed_RomHack/refs/heads/main/graphics/pokemon/spinarak/front.png,BUG,ELECTRIC,VOLT_ABSORB,...,40,60,40,40,40,30,250
168,043,"ARIADOS",https://raw.githubusercontent.com/Ebadulislam1001/FireRed_RomHack/refs/heads/main/graphics/pokemon/ariados/front.png,BUG,ELECTRIC,VOLT_ABSORB,...,70,90,70,60,60,40,390
048,044,"VENONAT",https://raw.githubusercontent.com/Ebadulislam1001/FireRed_RomHack/refs/heads/main/graphics/pokemon/venonat/front.png,BUG,...,COMPOUND_EYES,...,60,55,50,40,55,45,305
012,045,"BETTERFLY",https://raw.githubusercontent.com/Ebadulislam1001/FireRed_RomHack/refs/heads/main/graphics/pokemon/butterfree/front.png,BUG,FLYING,COMPOUND_EYES,...,60,45,50,80,80,70,385
266,046,"PANSAGE",https://raw.githubusercontent.com/Ebadulislam1001/FireRed_RomHack/refs/heads/main/graphics/pokemon/silcoon/front.png,GRASS,...,STURDY,...,50,35,55,25,25,15,205
267,047,"PANSEAR",https://raw.githubusercontent.com/Ebadulislam1001/FireRed_RomHack/refs/heads/main/graphics/pokemon/beautifly/front.png,FIRE,...,STURDY,...,60,70,50,90,50,65,385
268,048,"PANPOUR",https://raw.githubusercontent.com/Ebadulislam1001/FireRed_RomHack/refs/heads/main/graphics/pokemon/cascoon/front.png,WATER,...,STURDY,...,50,35,55,25,25,15,205
269,049,"PANVOLT",https://raw.githubusercontent.com/Ebadulislam1001/FireRed_RomHack/refs/heads/main/graphics/pokemon/dustox/front.png,ELECTRIC,...,STURDY,...,60,50,70,50,90,65,385
172,050,"PICHU",https://raw.githubusercontent.com/Ebadulislam1001/FireRed_RomHack/refs/heads/main/graphics/pokemon/pichu/front.png,ELECTRIC,...,STATIC,...,20,40,15,35,35,60,205
025,051,"PIKACHU",https://raw.githubusercontent.com/Ebadulislam1001/FireRed_RomHack/refs/heads/main/graphics/pokemon/pikachu/front.png,ELECTRIC,...,CUTE_CHARM,...,50,55,55,70,55,105,390
026,052,"RAICHU",https://raw.githubusercontent.com/Ebadulislam1001/FireRed_RomHack/refs/heads/main/graphics/pokemon/raichu/front.png,ELECTRIC,...,LEVITATE,...,60,90,55,90,80,100,475
035,053,"CLEFAIRY",https://raw.githubusercontent.com/Ebadulislam1001/FireRed_RomHack/refs/heads/main/graphics/pokemon/clefairy/front.png,NORMAL,...,CUTE_CHARM,...,70,45,48,60,65,35,323
036,054,"CLEFABLE",https://raw.githubusercontent.com/Ebadulislam1001/FireRed_RomHack/refs/heads/main/graphics/pokemon/clefable/front.png,NORMAL,...,CUTE_CHARM,...,95,70,73,85,90,60,473
039,055,"JIGGLYPUFF",https://raw.githubusercontent.com/Ebadulislam1001/FireRed_RomHack/refs/heads/main/graphics/pokemon/jigglypuff/front.png,NORMAL,...,CUTE_CHARM,...,115,45,20,45,25,20,270
040,056,"WIGGLYTUFF",https://raw.githubusercontent.com/Ebadulislam1001/FireRed_RomHack/refs/heads/main/graphics/pokemon/wigglytuff/front.png,NORMAL,FIGHTING,CUTE_CHARM,...,140,70,45,75,50,45,425
175,057,"TOGEPI",https://raw.githubusercontent.com/Ebadulislam1001/FireRed_RomHack/refs/heads/main/graphics/pokemon/togepi/front.png,NORMAL,...,SERENE_GRACE,...,35,20,65,40,65,20,245
176,058,"TOGETIC",https://raw.githubusercontent.com/Ebadulislam1001/FireRed_RomHack/refs/heads/main/graphics/pokemon/togetic/front.png,NORMAL,FLYING,SERENE_GRACE,...,55,40,85,80,105,40,405
270,059,"LOTAD",https://raw.githubusercontent.com/Ebadulislam1001/FireRed_RomHack/refs/heads/main/graphics/pokemon/lotad/front.png,WATER,GRASS,RAIN_DISH,...,40,30,30,40,50,30,220
271,060,"LOMBRE",https://raw.githubusercontent.com/Ebadulislam1001/FireRed_RomHack/refs/heads/main/graphics/pokemon/lombre/front.png,WATER,GRASS,RAIN_DISH,...,60,50,50,60,70,50,340
272,061,"LUDICOLO",https://raw.githubusercontent.com/Ebadulislam1001/FireRed_RomHack/refs/heads/main/graphics/pokemon/ludicolo/front.png,WATER,GRASS,RAIN_DISH,...,80,70,70,90,100,70,480
023,062,"EKANS",https://raw.githubusercontent.com/Ebadulislam1001/FireRed_RomHack/refs/heads/main/graphics/pokemon/ekans/front.png,POISON,...,SHED_SKIN,...,35,60,44,40,54,55,288
024,063,"ARBOK",https://raw.githubusercontent.com/Ebadulislam1001/FireRed_RomHack/refs/heads/main/graphics/pokemon/arbok/front.png,POISON,DRAGON,INTIMIDATE,...,60,85,69,65,79,80,438
027,064,"SANDSHREW",https://raw.githubusercontent.com/Ebadulislam1001/FireRed_RomHack/refs/heads/main/graphics/pokemon/sandshrew/front.png,GROUND,...,SAND_VEIL,...,50,75,85,20,30,40,300
028,065,"SANDSLASH",https://raw.githubusercontent.com/Ebadulislam1001/FireRed_RomHack/refs/heads/main/graphics/pokemon/sandslash/front.png,GROUND,...,SAND_VEIL,...,75,100,110,45,55,65,450
361,066,"SNOWSHREW",https://raw.githubusercontent.com/Ebadulislam1001/FireRed_RomHack/refs/heads/main/graphics/pokemon/snorunt/front.png,ICE,...,SNOW_CLOAK,...,50,50,50,50,50,50,300
362,067,"SNOWSLASH",https://raw.githubusercontent.com/Ebadulislam1001/FireRed_RomHack/refs/heads/main/graphics/pokemon/glalie/front.png,ICE,STEEL,SNOW_CLOAK,...,80,80,80,80,80,80,480
041,068,"ZUBAT",https://raw.githubusercontent.com/Ebadulislam1001/FireRed_RomHack/refs/heads/main/graphics/pokemon/zubat/front.png,POISON,FLYING,OWN_TEMPO,...,40,45,35,30,40,55,245
042,069,"GOLBAT",https://raw.githubusercontent.com/Ebadulislam1001/FireRed_RomHack/refs/heads/main/graphics/pokemon/golbat/front.png,POISON,FLYING,OWN_TEMPO,...,75,80,70,65,75,90,455
169,070,"CROBAT",https://raw.githubusercontent.com/Ebadulislam1001/FireRed_RomHack/refs/heads/main/graphics/pokemon/crobat/front.png,POISON,FLYING,OWN_TEMPO,...,85,90,80,70,80,130,535
179,071,"MAREEP",https://raw.githubusercontent.com/Ebadulislam1001/FireRed_RomHack/refs/heads/main/graphics/pokemon/mareep/front.png,ELECTRIC,...,STATIC,...,55,40,40,65,45,35,280
180,072,"FLAAFFY",https://raw.githubusercontent.com/Ebadulislam1001/FireRed_RomHack/refs/heads/main/graphics/pokemon/flaaffy/front.png,ELECTRIC,...,STATIC,...,70,55,55,80,60,45,365
181,073,"AMPHAROS",https://raw.githubusercontent.com/Ebadulislam1001/FireRed_RomHack/refs/heads/main/graphics/pokemon/ampharos/front.png,ELECTRIC,DRAGON,STATIC,...,90,75,75,115,90,55,500
029,074,"NIDORAN",https://raw.githubusercontent.com/Ebadulislam1001/FireRed_RomHack/refs/heads/main/graphics/pokemon/nidoran_f/front.png,POISON,...,POISON_POINT,...,55,47,52,40,40,41,275
030,075,"NIDORINA",https://raw.githubusercontent.com/Ebadulislam1001/FireRed_RomHack/refs/heads/main/graphics/pokemon/nidorina/front.png,POISON,...,POISON_POINT,...,70,62,67,55,55,56,365
031,076,"NIDOQUEEN",https://raw.githubusercontent.com/Ebadulislam1001/FireRed_RomHack/refs/heads/main/graphics/pokemon/nidoqueen/front.png,POISON,GROUND,POISON_POINT,...,90,82,87,75,85,76,495
032,077,"NIDORAN",https://raw.githubusercontent.com/Ebadulislam1001/FireRed_RomHack/refs/heads/main/graphics/pokemon/nidoran_m/front.png,POISON,...,POISON_POINT,...,46,57,40,40,40,50,273
033,078,"NIDORINO",https://raw.githubusercontent.com/Ebadulislam1001/FireRed_RomHack/refs/heads/main/graphics/pokemon/nidorino/front.png,POISON,...,POISON_POINT,...,61,72,57,55,55,65,365
034,079,"NIDOKING",https://raw.githubusercontent.com/Ebadulislam1001/FireRed_RomHack/refs/heads/main/graphics/pokemon/nidoking/front.png,POISON,GROUND,POISON_POINT,...,81,92,77,85,75,85,495
280,080,"RALTS",https://raw.githubusercontent.com/Ebadulislam1001/FireRed_RomHack/refs/heads/main/graphics/pokemon/ralts/front.png,PSYCHIC,...,SYNCHRONIZE,...,28,25,25,45,35,40,198
281,081,"KIRLIA",https://raw.githubusercontent.com/Ebadulislam1001/FireRed_RomHack/refs/heads/main/graphics/pokemon/kirlia/front.png,PSYCHIC,...,SYNCHRONIZE,...,38,35,35,65,55,50,278
282,082,"GARDEVOIR",https://raw.githubusercontent.com/Ebadulislam1001/FireRed_RomHack/refs/heads/main/graphics/pokemon/gardevoir/front.png,PSYCHIC,NORMAL,SYNCHRONIZE,...,68,65,65,125,115,80,518
185,083,"GALLADE",https://raw.githubusercontent.com/Ebadulislam1001/FireRed_RomHack/refs/heads/main/graphics/pokemon/sudowoodo/front.png,PSYCHIC,FIGHTING,SYNCHRONIZE,...,70,100,115,30,65,30,410
170,084,"CHINCHOU",https://raw.githubusercontent.com/Ebadulislam1001/FireRed_RomHack/refs/heads/main/graphics/pokemon/chinchou/front.png,WATER,ELECTRIC,ILLUMINATE,...,75,38,38,56,56,67,330
171,085,"LANTURN",https://raw.githubusercontent.com/Ebadulislam1001/FireRed_RomHack/refs/heads/main/graphics/pokemon/lanturn/front.png,WATER,ELECTRIC,ILLUMINATE,...,125,58,58,76,76,67,460
283,086,"WIMPOD",https://raw.githubusercontent.com/Ebadulislam1001/FireRed_RomHack/refs/heads/main/graphics/pokemon/surskit/front.png,BUG,WATER,CLEAR_BODY,...,40,30,32,50,52,65,269
284,087,"GOLISOPOD",https://raw.githubusercontent.com/Ebadulislam1001/FireRed_RomHack/refs/heads/main/graphics/pokemon/masquerain/front.png,BUG,WATER,INTIMIDATE,...,70,60,62,80,82,60,414
285,088,"SHROOMISH",https://raw.githubusercontent.com/Ebadulislam1001/FireRed_RomHack/refs/heads/main/graphics/pokemon/shroomish/front.png,GRASS,...,EFFECT_SPORE,...,60,40,60,40,60,35,295
286,089,"BRELOOM",https://raw.githubusercontent.com/Ebadulislam1001/FireRed_RomHack/refs/heads/main/graphics/pokemon/breloom/front.png,GRASS,FIGHTING,EFFECT_SPORE,...,60,130,80,60,60,70,460
043,090,"ODDISH",https://raw.githubusercontent.com/Ebadulislam1001/FireRed_RomHack/refs/heads/main/graphics/pokemon/oddish/front.png,GRASS,...,IMMUNITY,...,45,50,55,75,65,30,320
044,091,"GLOOM",https://raw.githubusercontent.com/Ebadulislam1001/FireRed_RomHack/refs/heads/main/graphics/pokemon/gloom/front.png,GRASS,...,IMMUNITY,...,60,65,70,85,75,40,395
045,092,"VILEPLUME",https://raw.githubusercontent.com/Ebadulislam1001/FireRed_RomHack/refs/heads/main/graphics/pokemon/vileplume/front.png,GRASS,DARK,IMMUNITY,...,75,80,85,100,90,50,480
182,093,"SUNBLOOM",https://raw.githubusercontent.com/Ebadulislam1001/FireRed_RomHack/refs/heads/main/graphics/pokemon/bellossom/front.png,GRASS,FIRE,SOLAR_POWER,...,75,80,85,90,100,50,480
060,094,"POLIWAG",https://raw.githubusercontent.com/Ebadulislam1001/FireRed_RomHack/refs/heads/main/graphics/pokemon/poliwag/front.png,WATER,...,INNER_FOCUS,...,40,50,40,40,40,90,300
061,095,"POLIWHIRL",https://raw.githubusercontent.com/Ebadulislam1001/FireRed_RomHack/refs/heads/main/graphics/pokemon/poliwhirl/front.png,WATER,...,INNER_FOCUS,...,65,65,65,50,50,90,385
062,096,"POLIWRATH",https://raw.githubusercontent.com/Ebadulislam1001/FireRed_RomHack/refs/heads/main/graphics/pokemon/poliwrath/front.png,WATER,FIGHTING,INNER_FOCUS,...,90,85,95,70,90,70,500
186,097,"POLIFLARE",https://raw.githubusercontent.com/Ebadulislam1001/FireRed_RomHack/refs/heads/main/graphics/pokemon/politoed/front.png,WATER,FIRE,SOLAR_POWER,...,90,75,75,90,100,70,500
037,098,"VULPIX",https://raw.githubusercontent.com/Ebadulislam1001/FireRed_RomHack/refs/heads/main/graphics/pokemon/vulpix/front.png,FIRE,...,FLASH_FIRE,...,38,41,40,50,65,65,299
038,099,"NINETALES",https://raw.githubusercontent.com/Ebadulislam1001/FireRed_RomHack/refs/heads/main/graphics/pokemon/ninetales/front.png,FIRE,PSYCHIC,FLASH_FIRE,...,73,76,75,81,100,100,505
187,100,"SHINX",https://raw.githubusercontent.com/Ebadulislam1001/FireRed_RomHack/refs/heads/main/graphics/pokemon/hoppip/front.png,ELECTRIC,...,LIGHTNING_ROD,...,35,35,40,35,55,50,250
188,101,"LUXIO",https://raw.githubusercontent.com/Ebadulislam1001/FireRed_RomHack/refs/heads/main/graphics/pokemon/skiploom/front.png,ELECTRIC,DARK,LIGHTNING_ROD,...,55,45,50,45,65,80,340
189,102,"LUXRAY",https://raw.githubusercontent.com/Ebadulislam1001/FireRed_RomHack/refs/heads/main/graphics/pokemon/jumpluff/front.png,ELECTRIC,DARK,INTIMIDATE,...,75,55,70,55,85,110,450
183,103,"METALLOY",https://raw.githubusercontent.com/Ebadulislam1001/FireRed_RomHack/refs/heads/main/graphics/pokemon/marill/front.png,STEEL,...,HUGE_POWER,...,70,20,50,20,50,40,250
184,104,"AZUMETAL",https://raw.githubusercontent.com/Ebadulislam1001/FireRed_RomHack/refs/heads/main/graphics/pokemon/azumarill/front.png,STEEL,...,HUGE_POWER,...,100,50,80,50,80,50,410
287,105,"SLAKOTH",https://raw.githubusercontent.com/Ebadulislam1001/FireRed_RomHack/refs/heads/main/graphics/pokemon/slakoth/front.png,NORMAL,...,TRUANT,...,60,60,60,35,35,30,280
288,106,"VIGOROTH",https://raw.githubusercontent.com/Ebadulislam1001/FireRed_RomHack/refs/heads/main/graphics/pokemon/vigoroth/front.png,NORMAL,...,VITAL_SPIRIT,...,80,80,80,55,55,90,440
289,107,"SLAKING",https://raw.githubusercontent.com/Ebadulislam1001/FireRed_RomHack/refs/heads/main/graphics/pokemon/slaking/front.png,NORMAL,...,TRUANT,...,150,160,100,95,65,100,670
194,108,"WOOPER",https://raw.githubusercontent.com/Ebadulislam1001/FireRed_RomHack/refs/heads/main/graphics/pokemon/wooper/front.png,WATER,GROUND,DAMP,...,55,45,45,25,25,15,210
195,109,"QUAGSIRE",https://raw.githubusercontent.com/Ebadulislam1001/FireRed_RomHack/refs/heads/main/graphics/pokemon/quagsire/front.png,WATER,GROUND,DAMP,...,95,85,85,65,65,35,430
290,110,"NINCADA",https://raw.githubusercontent.com/Ebadulislam1001/FireRed_RomHack/refs/heads/main/graphics/pokemon/nincada/front.png,BUG,...,COMPOUND_EYES,...,31,45,90,30,30,40,266
291,111,"NINJASK",https://raw.githubusercontent.com/Ebadulislam1001/FireRed_RomHack/refs/heads/main/graphics/pokemon/ninjask/front.png,BUG,FLYING,SPEED_BOOST,...,61,90,45,50,50,160,456
292,112,"SHEDINJA",https://raw.githubusercontent.com/Ebadulislam1001/FireRed_RomHack/refs/heads/main/graphics/pokemon/shedinja/front.png,BUG,GHOST,WONDER_GUARD,...,1,90,45,30,30,40,236
293,113,"WHISMUR",https://raw.githubusercontent.com/Ebadulislam1001/FireRed_RomHack/refs/heads/main/graphics/pokemon/whismur/front.png,NORMAL,...,SOUNDPROOF,...,64,51,23,51,23,28,240
294,114,"LOUDRED",https://raw.githubusercontent.com/Ebadulislam1001/FireRed_RomHack/refs/heads/main/graphics/pokemon/loudred/front.png,NORMAL,...,SOUNDPROOF,...,84,71,43,71,43,48,360
295,115,"EXPLOUD",https://raw.githubusercontent.com/Ebadulislam1001/FireRed_RomHack/refs/heads/main/graphics/pokemon/exploud/front.png,NORMAL,...,SOUNDPROOF,...,104,91,63,91,63,68,480
296,116,"MAKUHITA",https://raw.githubusercontent.com/Ebadulislam1001/FireRed_RomHack/refs/heads/main/graphics/pokemon/makuhita/front.png,FIGHTING,...,THICK_FAT,...,72,60,30,20,30,25,237
297,117,"HARIYAMA",https://raw.githubusercontent.com/Ebadulislam1001/FireRed_RomHack/refs/heads/main/graphics/pokemon/hariyama/front.png,FIGHTING,...,THICK_FAT,...,144,120,60,40,60,50,474
046,118,"PARAS",https://raw.githubusercontent.com/Ebadulislam1001/FireRed_RomHack/refs/heads/main/graphics/pokemon/paras/front.png,BUG,GRASS,EFFECT_SPORE,...,35,70,55,45,55,25,285
047,119,"PARASECT",https://raw.githubusercontent.com/Ebadulislam1001/FireRed_RomHack/refs/heads/main/graphics/pokemon/parasect/front.png,GRASS,BUG,EFFECT_SPORE,...,60,95,80,60,80,30,405
198,120,"SANDILE",https://raw.githubusercontent.com/Ebadulislam1001/FireRed_RomHack/refs/heads/main/graphics/pokemon/murkrow/front.png,GROUND,...,SAND_VEIL,...,60,85,42,85,42,91,405
199,121,"KROKOROK",https://raw.githubusercontent.com/Ebadulislam1001/FireRed_RomHack/refs/heads/main/graphics/pokemon/slowking/front.png,GROUND,DARK,SAND_VEIL,...,95,75,80,100,110,30,490
200,122,"KROOKODILE",https://raw.githubusercontent.com/Ebadulislam1001/FireRed_RomHack/refs/heads/main/graphics/pokemon/misdreavus/front.png,GROUND,DARK,INTIMIDATE,...,60,60,60,85,85,85,435
299,123,"LARVESTAR",https://raw.githubusercontent.com/Ebadulislam1001/FireRed_RomHack/refs/heads/main/graphics/pokemon/nosepass/front.png,BUG,...,SHED_SKIN,...,30,45,135,45,90,30,375
300,124,"VOLCARONA",https://raw.githubusercontent.com/Ebadulislam1001/FireRed_RomHack/refs/heads/main/graphics/pokemon/skitty/front.png,BUG,FIRE,SHIELD_DUST,...,50,45,45,35,35,50,260
301,125,"FROSMOTH",https://raw.githubusercontent.com/Ebadulislam1001/FireRed_RomHack/refs/heads/main/graphics/pokemon/delcatty/front.png,BUG,ICE,SHIELD_DUST,...,70,65,65,55,55,70,380
050,126,"DIGLETT",https://raw.githubusercontent.com/Ebadulislam1001/FireRed_RomHack/refs/heads/main/graphics/pokemon/diglett/front.png,GROUND,...,ARENA_TRAP,...,10,55,25,35,45,95,265
051,127,"DUGTRIO",https://raw.githubusercontent.com/Ebadulislam1001/FireRed_RomHack/refs/heads/main/graphics/pokemon/dugtrio/front.png,GROUND,STEEL,ARENA_TRAP,...,35,80,50,50,70,120,405
201,128,"UNOWN",https://raw.githubusercontent.com/Ebadulislam1001/FireRed_RomHack/refs/heads/main/graphics/pokemon/unown/front.png,PSYCHIC,...,LEVITATE,...,48,72,48,72,48,48,336
327,129,"SPINDA",https://raw.githubusercontent.com/Ebadulislam1001/FireRed_RomHack/refs/heads/main/graphics/pokemon/spinda/front.png,NORMAL,...,OWN_TEMPO,...,60,60,60,60,60,60,360
202,130,"WOBBUFFET",https://raw.githubusercontent.com/Ebadulislam1001/FireRed_RomHack/refs/heads/main/graphics/pokemon/wobbuffet/front.png,PSYCHIC,...,SHADOW_TAG,...,190,33,58,33,58,33,405
203,131,"BOOMER",https://raw.githubusercontent.com/Ebadulislam1001/FireRed_RomHack/refs/heads/main/graphics/pokemon/girafarig/front.png,NORMAL,...,SHADOW_TAG,...,70,80,65,90,65,85,455
206,132,"SHUCKLE",https://raw.githubusercontent.com/Ebadulislam1001/FireRed_RomHack/refs/heads/main/graphics/pokemon/dunsparce/front.png,BUG,ROCK,SHADOW_TAG,...,100,70,70,65,65,45,415
052,133,"MEOWTH",https://raw.githubusercontent.com/Ebadulislam1001/FireRed_RomHack/refs/heads/main/graphics/pokemon/meowth/front.png,NORMAL,...,PICKUP,...,40,45,35,40,40,90,290
053,134,"PERSIAN",https://raw.githubusercontent.com/Ebadulislam1001/FireRed_RomHack/refs/heads/main/graphics/pokemon/persian/front.png,NORMAL,...,LIMBER,...,65,70,60,65,65,115,440
204,135,"PINECO",https://raw.githubusercontent.com/Ebadulislam1001/FireRed_RomHack/refs/heads/main/graphics/pokemon/pineco/front.png,BUG,...,STURDY,...,50,65,90,35,35,15,290
205,136,"FORRETRESS",https://raw.githubusercontent.com/Ebadulislam1001/FireRed_RomHack/refs/heads/main/graphics/pokemon/forretress/front.png,BUG,STEEL,STURDY,...,75,90,140,60,60,40,465
054,137,"PSYDUCK",https://raw.githubusercontent.com/Ebadulislam1001/FireRed_RomHack/refs/heads/main/graphics/pokemon/psyduck/front.png,WATER,PSYCHIC,CLOUD_NINE,...,50,52,48,65,50,55,320
055,138,"GOLDUCK",https://raw.githubusercontent.com/Ebadulislam1001/FireRed_RomHack/refs/heads/main/graphics/pokemon/golduck/front.png,WATER,PSYCHIC,CLOUD_NINE,...,80,82,78,95,80,85,500
304,139,"ARON",https://raw.githubusercontent.com/Ebadulislam1001/FireRed_RomHack/refs/heads/main/graphics/pokemon/aron/front.png,STEEL,...,STURDY,...,50,70,100,40,40,30,330
305,140,"LAIRON",https://raw.githubusercontent.com/Ebadulislam1001/FireRed_RomHack/refs/heads/main/graphics/pokemon/lairon/front.png,STEEL,...,STURDY,...,60,90,140,50,50,40,430
306,141,"AGGRON",https://raw.githubusercontent.com/Ebadulislam1001/FireRed_RomHack/refs/heads/main/graphics/pokemon/aggron/front.png,STEEL,...,STURDY,...,70,110,180,60,60,50,530
056,142,"MANKEY",https://raw.githubusercontent.com/Ebadulislam1001/FireRed_RomHack/refs/heads/main/graphics/pokemon/mankey/front.png,FIGHTING,...,VITAL_SPIRIT,...,40,80,35,35,45,70,305
057,143,"PRIMEAPE",https://raw.githubusercontent.com/Ebadulislam1001/FireRed_RomHack/refs/heads/main/graphics/pokemon/primeape/front.png,FIGHTING,...,VITAL_SPIRIT,...,65,105,60,60,70,95,455
237,144,"ANNIHILAPE",https://raw.githubusercontent.com/Ebadulislam1001/FireRed_RomHack/refs/heads/main/graphics/pokemon/hitmontop/front.png,FIGHTING,GHOST,VITAL_SPIRIT,...,50,95,95,35,110,70,455
220,145,"SWINUB",https://raw.githubusercontent.com/Ebadulislam1001/FireRed_RomHack/refs/heads/main/graphics/pokemon/swinub/front.png,ICE,GROUND,SNOW_SHIELD,...,50,50,40,30,30,50,250
221,146,"PILOSWINE",https://raw.githubusercontent.com/Ebadulislam1001/FireRed_RomHack/refs/heads/main/graphics/pokemon/piloswine/front.png,ICE,GROUND,SNOW_SHIELD,...,100,100,80,60,60,50,450
238,147,"MAMOSWINE",https://raw.githubusercontent.com/Ebadulislam1001/FireRed_RomHack/refs/heads/main/graphics/pokemon/smoochum/front.png,ICE,GROUND,SNOW_SHIELD,...,45,30,15,85,65,65,305
307,148,"MEDITITE",https://raw.githubusercontent.com/Ebadulislam1001/FireRed_RomHack/refs/heads/main/graphics/pokemon/meditite/front.png,FIGHTING,PSYCHIC,PURE_POWER,HUGE_POWER,30,40,55,40,55,60,280
308,149,"MEDICHAM",https://raw.githubusercontent.com/Ebadulislam1001/FireRed_RomHack/refs/heads/main/graphics/pokemon/medicham/front.png,FIGHTING,PSYCHIC,PURE_POWER,HUGE_POWER,60,60,75,60,75,80,410
058,150,"GROWLITHE",https://raw.githubusercontent.com/Ebadulislam1001/FireRed_RomHack/refs/heads/main/graphics/pokemon/growlithe/front.png,FIRE,...,INTIMIDATE,...,55,70,45,70,50,60,350
059,151,"ARCANINE",https://raw.githubusercontent.com/Ebadulislam1001/FireRed_RomHack/refs/heads/main/graphics/pokemon/arcanine/front.png,FIRE,...,INTIMIDATE,...,90,110,80,100,80,95,555
309,152,"ELECTRIKE",https://raw.githubusercontent.com/Ebadulislam1001/FireRed_RomHack/refs/heads/main/graphics/pokemon/electrike/front.png,NORMAL,ELECTRIC,LIGHTNING_ROD,...,40,45,40,65,40,65,295
310,153,"MANECTRIC",https://raw.githubusercontent.com/Ebadulislam1001/FireRed_RomHack/refs/heads/main/graphics/pokemon/manectric/front.png,NORMAL,ELECTRIC,LIGHTNING_ROD,...,70,75,60,105,60,105,475
209,154,"ELECTOX",https://raw.githubusercontent.com/Ebadulislam1001/FireRed_RomHack/refs/heads/main/graphics/pokemon/snubbull/front.png,ELECTRIC,POISON,STATIC,POISON_POINT,60,80,50,40,40,30,300
210,155,"VAMPERE",https://raw.githubusercontent.com/Ebadulislam1001/FireRed_RomHack/refs/heads/main/graphics/pokemon/granbull/front.png,ELECTRIC,POISON,STATIC,POISON_POINT,90,120,75,60,60,45,450
302,156,"SABLEYE",https://raw.githubusercontent.com/Ebadulislam1001/FireRed_RomHack/refs/heads/main/graphics/pokemon/sableye/front.png,DARK,GHOST,COMPOUND_EYES,...,50,75,75,65,65,50,380
303,157,"MAWILE",https://raw.githubusercontent.com/Ebadulislam1001/FireRed_RomHack/refs/heads/main/graphics/pokemon/mawile/front.png,DARK,STEEL,INTIMIDATE,...,50,85,85,55,55,50,380
207,158,"LEVISCOR",https://raw.githubusercontent.com/Ebadulislam1001/FireRed_RomHack/refs/heads/main/graphics/pokemon/gligar/front.png,POISON,STEEL,LEVITATE,...,65,75,105,35,65,85,430
215,159,"SNEEZLE",https://raw.githubusercontent.com/Ebadulislam1001/FireRed_RomHack/refs/heads/main/graphics/pokemon/sneasel/front.png,ICE,POISON,OBLIVIOUS,...,55,95,55,35,75,115,430
298,160,"VECTOR",https://raw.githubusercontent.com/Ebadulislam1001/FireRed_RomHack/refs/heads/main/graphics/pokemon/azurill/front.png,FIRE,ELECTRIC,LEVITATE,...,50,20,40,20,40,20,190
311,161,"SUS",https://raw.githubusercontent.com/Ebadulislam1001/FireRed_RomHack/refs/heads/main/graphics/pokemon/plusle/front.png,PSYCHIC,NORMAL,OPPORTUNIST,...,60,50,40,85,75,95,405
312,162,"DED",https://raw.githubusercontent.com/Ebadulislam1001/FireRed_RomHack/refs/heads/main/graphics/pokemon/minun/front.png,PSYCHIC,GHOST,OPPORTUNIST,...,60,40,50,75,85,95,405
063,163,"ABRA",https://raw.githubusercontent.com/Ebadulislam1001/FireRed_RomHack/refs/heads/main/graphics/pokemon/abra/front.png,PSYCHIC,...,SYNCHRONIZE,...,25,20,15,105,55,90,310
064,164,"KADABRA",https://raw.githubusercontent.com/Ebadulislam1001/FireRed_RomHack/refs/heads/main/graphics/pokemon/kadabra/front.png,PSYCHIC,...,SYNCHRONIZE,...,40,35,30,120,70,105,400
065,165,"ALAKAZAM",https://raw.githubusercontent.com/Ebadulislam1001/FireRed_RomHack/refs/heads/main/graphics/pokemon/alakazam/front.png,PSYCHIC,...,SYNCHRONIZE,...,55,50,45,135,85,120,490
066,166,"MACHOP",https://raw.githubusercontent.com/Ebadulislam1001/FireRed_RomHack/refs/heads/main/graphics/pokemon/machop/front.png,FIGHTING,...,GUTS,...,70,80,50,35,35,35,305
067,167,"MACHOKE",https://raw.githubusercontent.com/Ebadulislam1001/FireRed_RomHack/refs/heads/main/graphics/pokemon/machoke/front.png,FIGHTING,...,GUTS,...,80,100,70,50,60,45,405
068,168,"MACHAMP",https://raw.githubusercontent.com/Ebadulislam1001/FireRed_RomHack/refs/heads/main/graphics/pokemon/machamp/front.png,FIGHTING,...,GUTS,...,90,130,80,65,85,55,505
074,169,"GEODUDE",https://raw.githubusercontent.com/Ebadulislam1001/FireRed_RomHack/refs/heads/main/graphics/pokemon/geodude/front.png,ROCK,...,ROCK_HEAD,...,40,80,100,30,30,20,300
075,170,"GRAVELER",https://raw.githubusercontent.com/Ebadulislam1001/FireRed_RomHack/refs/heads/main/graphics/pokemon/graveler/front.png,ROCK,...,ROCK_HEAD,...,55,95,115,45,45,35,390
076,171,"GOLEM",https://raw.githubusercontent.com/Ebadulislam1001/FireRed_RomHack/refs/heads/main/graphics/pokemon/golem/front.png,ROCK,...,ROCK_HEAD,...,80,110,130,55,65,45,485
092,172,"GASTLY",https://raw.githubusercontent.com/Ebadulislam1001/FireRed_RomHack/refs/heads/main/graphics/pokemon/gastly/front.png,GHOST,...,LEVITATE,...,30,35,30,100,35,80,310
093,173,"HAUNTER",https://raw.githubusercontent.com/Ebadulislam1001/FireRed_RomHack/refs/heads/main/graphics/pokemon/haunter/front.png,GHOST,...,LEVITATE,...,45,50,45,115,55,95,405
094,174,"GENGAR",https://raw.githubusercontent.com/Ebadulislam1001/FireRed_RomHack/refs/heads/main/graphics/pokemon/gengar/front.png,GHOST,...,GENJUTSU,...,60,65,60,130,75,110,500
193,175,"GONIX",https://raw.githubusercontent.com/Ebadulislam1001/FireRed_RomHack/refs/heads/main/graphics/pokemon/yanma/front.png,BUG,DRAGON,STURDY,...,65,65,45,75,45,95,390
095,176,"ONIX",https://raw.githubusercontent.com/Ebadulislam1001/FireRed_RomHack/refs/heads/main/graphics/pokemon/onix/front.png,ROCK,DRAGON,STURDY,...,35,45,160,30,45,70,385
208,177,"STEELIX",https://raw.githubusercontent.com/Ebadulislam1001/FireRed_RomHack/refs/heads/main/graphics/pokemon/steelix/front.png,STEEL,DRAGON,STURDY,...,75,85,200,55,65,30,510
123,178,"SCYTHER",https://raw.githubusercontent.com/Ebadulislam1001/FireRed_RomHack/refs/heads/main/graphics/pokemon/scyther/front.png,BUG,FLYING,SWARM,...,70,110,80,55,80,105,500
212,179,"SCIZOR",https://raw.githubusercontent.com/Ebadulislam1001/FireRed_RomHack/refs/heads/main/graphics/pokemon/scizor/front.png,BUG,STEEL,SWARM,...,70,130,100,55,80,65,500
213,180,"KLEAVOR",https://raw.githubusercontent.com/Ebadulislam1001/FireRed_RomHack/refs/heads/main/graphics/pokemon/shuckle/front.png,BUG,ROCK,SWARM,...,20,10,230,10,230,5,505
127,181,"PINSIR",https://raw.githubusercontent.com/Ebadulislam1001/FireRed_RomHack/refs/heads/main/graphics/pokemon/pinsir/front.png,BUG,DARK,HYPER_CUTTER,...,65,125,100,55,70,85,500
214,182,"HERACROSS",https://raw.githubusercontent.com/Ebadulislam1001/FireRed_RomHack/refs/heads/main/graphics/pokemon/heracross/front.png,BUG,FIGHTING,GUTS,...,80,125,75,40,95,85,500
313,183,"POCHITA",https://raw.githubusercontent.com/Ebadulislam1001/FireRed_RomHack/refs/heads/main/graphics/pokemon/volbeat/front.png,STEEL,...,HYPER_CUTTER,...,65,73,55,47,75,85,400
314,184,"WILDMUTT",https://raw.githubusercontent.com/Ebadulislam1001/FireRed_RomHack/refs/heads/main/graphics/pokemon/illumise/front.png,STEEL,DARK,HYPER_CUTTER,...,65,47,55,73,75,85,400
216,185,"TEDDIURSA",https://raw.githubusercontent.com/Ebadulislam1001/FireRed_RomHack/refs/heads/main/graphics/pokemon/teddiursa/front.png,GROUND,...,LIMBER,...,60,80,50,50,50,40,330
217,186,"URSARING",https://raw.githubusercontent.com/Ebadulislam1001/FireRed_RomHack/refs/heads/main/graphics/pokemon/ursaring/front.png,GROUND,FIGHTING,LIMBER,...,90,130,75,75,75,55,500
316,187,"CETODDLE",https://raw.githubusercontent.com/Ebadulislam1001/FireRed_RomHack/refs/heads/main/graphics/pokemon/gulpin/front.png,ICE,...,HUGE_POWER,...,70,43,53,43,53,40,302
317,188,"CETITAN",https://raw.githubusercontent.com/Ebadulislam1001/FireRed_RomHack/refs/heads/main/graphics/pokemon/swalot/front.png,ICE,STEEL,HUGE_POWER,...,100,73,83,73,83,55,467
320,189,"WAILMER",https://raw.githubusercontent.com/Ebadulislam1001/FireRed_RomHack/refs/heads/main/graphics/pokemon/wailmer/front.png,WATER,...,WATER_VEIL,...,130,70,35,70,35,60,400
321,190,"WAILORD",https://raw.githubusercontent.com/Ebadulislam1001/FireRed_RomHack/refs/heads/main/graphics/pokemon/wailord/front.png,WATER,...,WATER_VEIL,...,170,90,45,90,45,60,500
218,191,"SLUGMA",https://raw.githubusercontent.com/Ebadulislam1001/FireRed_RomHack/refs/heads/main/graphics/pokemon/slugma/front.png,FIRE,...,MAGMA_ARMOR,...,40,40,40,70,40,20,250
219,192,"MAGCARGO",https://raw.githubusercontent.com/Ebadulislam1001/FireRed_RomHack/refs/heads/main/graphics/pokemon/magcargo/front.png,FIRE,ROCK,MAGMA_ARMOR,...,50,50,120,80,80,30,410
318,193,"CARVANHA",https://raw.githubusercontent.com/Ebadulislam1001/FireRed_RomHack/refs/heads/main/graphics/pokemon/carvanha/front.png,WATER,DARK,ROUGH_SKIN,...,45,90,20,65,20,65,305
319,194,"SHARPEDO",https://raw.githubusercontent.com/Ebadulislam1001/FireRed_RomHack/refs/heads/main/graphics/pokemon/sharpedo/front.png,WATER,DARK,ROUGH_SKIN,...,70,120,40,95,40,95,460
322,195,"NUMEL",https://raw.githubusercontent.com/Ebadulislam1001/FireRed_RomHack/refs/heads/main/graphics/pokemon/numel/front.png,FIRE,GROUND,SAND_RIDER,...,60,60,40,65,45,45,315
323,196,"CAMERUPT",https://raw.githubusercontent.com/Ebadulislam1001/FireRed_RomHack/refs/heads/main/graphics/pokemon/camerupt/front.png,FIRE,GROUND,SAND_RIDER,...,70,100,70,105,75,60,480
069,197,"PEASHOOTER",https://raw.githubusercontent.com/Ebadulislam1001/FireRed_RomHack/refs/heads/main/graphics/pokemon/bellsprout/front.png,GRASS,GROUND,STICKY_HOLD,...,50,75,35,70,30,40,300
070,198,"MUDEETER",https://raw.githubusercontent.com/Ebadulislam1001/FireRed_RomHack/refs/heads/main/graphics/pokemon/weepinbell/front.png,GRASS,GROUND,STICKY_HOLD,...,65,90,50,85,45,55,390
118,199,"FRILLISH",https://raw.githubusercontent.com/Ebadulislam1001/FireRed_RomHack/refs/heads/main/graphics/pokemon/goldeen/front.png,WATER,GHOST,LIQUID_OOZE,...,45,67,60,35,50,63,320
119,200,"JELLICENT",https://raw.githubusercontent.com/Ebadulislam1001/FireRed_RomHack/refs/heads/main/graphics/pokemon/seaking/front.png,WATER,GHOST,LIQUID_OOZE,...,80,92,65,65,80,68,450
072,201,"TENTACOOL",https://raw.githubusercontent.com/Ebadulislam1001/FireRed_RomHack/refs/heads/main/graphics/pokemon/tentacool/front.png,WATER,POISON,LIQUID_OOZE,...,40,40,35,50,100,70,335
073,202,"TENTACRUEL",https://raw.githubusercontent.com/Ebadulislam1001/FireRed_RomHack/refs/heads/main/graphics/pokemon/tentacruel/front.png,WATER,POISON,LIQUID_OOZE,...,80,70,65,80,120,100,515
137,203,"CHARKID",https://raw.githubusercontent.com/Ebadulislam1001/FireRed_RomHack/refs/heads/main/graphics/pokemon/porygon/front.png,FIRE,...,OBLIVIOUS,...,65,60,70,85,75,40,395
324,204,"TORKOAL",https://raw.githubusercontent.com/Ebadulislam1001/FireRed_RomHack/refs/heads/main/graphics/pokemon/torkoal/front.png,FIRE,...,WHITE_SMOKE,...,70,85,140,85,70,20,470
083,205,"FARFETCH'D",https://raw.githubusercontent.com/Ebadulislam1001/FireRed_RomHack/refs/heads/main/graphics/pokemon/farfetchd/front.png,FLYING,...,LIMBER,...,52,65,55,58,62,60,352
226,206,"MANTINE",https://raw.githubusercontent.com/Ebadulislam1001/FireRed_RomHack/refs/heads/main/graphics/pokemon/mantine/front.png,WATER,FLYING,SWIFT_SWIM,...,65,40,70,80,140,70,465
227,207,"SKARMORY",https://raw.githubusercontent.com/Ebadulislam1001/FireRed_RomHack/refs/heads/main/graphics/pokemon/skarmory/front.png,STEEL,FLYING,STURDY,...,65,80,140,40,70,70,465
225,208,"DELIBERD",https://raw.githubusercontent.com/Ebadulislam1001/FireRed_RomHack/refs/heads/main/graphics/pokemon/delibird/front.png,ICE,FLYING,SNOW_CLOAK,...,45,55,45,65,45,75,330
234,209,"BERDEER",https://raw.githubusercontent.com/Ebadulislam1001/FireRed_RomHack/refs/heads/main/graphics/pokemon/stantler/front.png,GROUND,FLYING,CLOUD_NINE,...,73,95,62,85,65,85,465
325,210,"SPOINK",https://raw.githubusercontent.com/Ebadulislam1001/FireRed_RomHack/refs/heads/main/graphics/pokemon/spoink/front.png,PSYCHIC,DARK,THICK_FAT,...,60,25,35,70,80,60,330
326,211,"GRUMPIG",https://raw.githubusercontent.com/Ebadulislam1001/FireRed_RomHack/refs/heads/main/graphics/pokemon/grumpig/front.png,PSYCHIC,DARK,THICK_FAT,...,80,45,65,90,110,80,470
228,212,"HOUNDOUR",https://raw.githubusercontent.com/Ebadulislam1001/FireRed_RomHack/refs/heads/main/graphics/pokemon/houndour/front.png,DARK,FIRE,FLASH_FIRE,...,45,60,30,80,50,65,330
229,213,"HOUNDOOM",https://raw.githubusercontent.com/Ebadulislam1001/FireRed_RomHack/refs/heads/main/graphics/pokemon/houndoom/front.png,DARK,FIRE,FLASH_FIRE,...,75,90,50,110,80,95,500
077,214,"PONYTA",https://raw.githubusercontent.com/Ebadulislam1001/FireRed_RomHack/refs/heads/main/graphics/pokemon/ponyta/front.png,FIRE,...,RUN_AWAY,...,50,85,55,65,65,90,410
078,215,"RAPIDASH",https://raw.githubusercontent.com/Ebadulislam1001/FireRed_RomHack/refs/heads/main/graphics/pokemon/rapidash/front.png,FIRE,...,RUN_AWAY,...,65,100,70,80,80,105,500
273,216,"APPLIN",https://raw.githubusercontent.com/Ebadulislam1001/FireRed_RomHack/refs/heads/main/graphics/pokemon/seedot/front.png,GRASS,DRAGON,MYSTIC_GUARD,...,40,40,50,30,30,30,220
274,217,"FLAPPLE",https://raw.githubusercontent.com/Ebadulislam1001/FireRed_RomHack/refs/heads/main/graphics/pokemon/nuzleaf/front.png,GRASS,DRAGON,LEVITATE,...,70,70,40,60,40,60,340
275,218,"APPLETUN",https://raw.githubusercontent.com/Ebadulislam1001/FireRed_RomHack/refs/heads/main/graphics/pokemon/shiftry/front.png,GRASS,DRAGON,THICK_FAT,...,90,100,60,90,60,80,480
328,219,"TRAPINCH",https://raw.githubusercontent.com/Ebadulislam1001/FireRed_RomHack/refs/heads/main/graphics/pokemon/trapinch/front.png,GROUND,...,ARENA_TRAP,...,45,100,45,45,45,10,290
329,220,"VIBRAVA",https://raw.githubusercontent.com/Ebadulislam1001/FireRed_RomHack/refs/heads/main/graphics/pokemon/vibrava/front.png,GROUND,DRAGON,LEVITATE,...,50,70,50,50,50,70,340
330,221,"FLYGON",https://raw.githubusercontent.com/Ebadulislam1001/FireRed_RomHack/refs/heads/main/graphics/pokemon/flygon/front.png,GROUND,DRAGON,LEVITATE,...,80,100,80,80,80,100,520
079,222,"SLOWPOKE",https://raw.githubusercontent.com/Ebadulislam1001/FireRed_RomHack/refs/heads/main/graphics/pokemon/slowpoke/front.png,WATER,...,OBLIVIOUS,...,90,65,65,40,40,15,315
080,223,"FASTRAX",https://raw.githubusercontent.com/Ebadulislam1001/FireRed_RomHack/refs/heads/main/graphics/pokemon/slowbro/front.png,WATER,...,SWIFT_SWIM,...,95,75,110,100,80,30,490
081,224,"MAGNEMITE",https://raw.githubusercontent.com/Ebadulislam1001/FireRed_RomHack/refs/heads/main/graphics/pokemon/magnemite/front.png,ELECTRIC,STEEL,MAGNET_PULL,...,25,35,70,95,55,45,325
082,225,"MAGNETON",https://raw.githubusercontent.com/Ebadulislam1001/FireRed_RomHack/refs/heads/main/graphics/pokemon/magneton/front.png,ELECTRIC,STEEL,MAGNET_PULL,...,50,60,95,120,70,70,465
331,226,"CACNEA",https://raw.githubusercontent.com/Ebadulislam1001/FireRed_RomHack/refs/heads/main/graphics/pokemon/cacnea/front.png,GRASS,...,ROUGH_SKIN,...,50,85,40,85,40,35,335
332,227,"CACTURNE",https://raw.githubusercontent.com/Ebadulislam1001/FireRed_RomHack/refs/heads/main/graphics/pokemon/cacturne/front.png,GRASS,DARK,ROUGH_SKIN,...,70,115,60,115,60,55,475
333,228,"SWABLU",https://raw.githubusercontent.com/Ebadulislam1001/FireRed_RomHack/refs/heads/main/graphics/pokemon/swablu/front.png,NORMAL,FLYING,NATURAL_CURE,...,45,40,60,40,75,50,310
334,229,"ALTARIA",https://raw.githubusercontent.com/Ebadulislam1001/FireRed_RomHack/refs/heads/main/graphics/pokemon/altaria/front.png,DRAGON,FLYING,NATURAL_CURE,...,75,70,90,70,105,80,490
132,230,"DITTO",https://raw.githubusercontent.com/Ebadulislam1001/FireRed_RomHack/refs/heads/main/graphics/pokemon/ditto/front.png,NORMAL,...,TRACE,...,48,48,48,48,48,48,288
235,231,"SMEARGLE",https://raw.githubusercontent.com/Ebadulislam1001/FireRed_RomHack/refs/heads/main/graphics/pokemon/smeargle/front.png,NORMAL,...,TRACE,...,55,20,35,20,45,75,250
351,232,"CASTFORM",https://raw.githubusercontent.com/Ebadulislam1001/FireRed_RomHack/refs/heads/main/graphics/pokemon/castform/front.png,NORMAL,...,FORECAST,...,70,70,70,70,70,70,420
352,233,"KECLEON",https://raw.githubusercontent.com/Ebadulislam1001/FireRed_RomHack/refs/heads/main/graphics/pokemon/kecleon/front.png,NORMAL,...,COLOR_CHANGE,...,60,90,70,60,120,40,440
233,234,"PORYGON2",https://raw.githubusercontent.com/Ebadulislam1001/FireRed_RomHack/refs/heads/main/graphics/pokemon/porygon2/front.png,NORMAL,GHOST,TRACE,...,85,80,90,105,95,60,515
335,235,"ZANGOOSE",https://raw.githubusercontent.com/Ebadulislam1001/FireRed_RomHack/refs/heads/main/graphics/pokemon/zangoose/front.png,NORMAL,...,IMMUNITY,...,73,115,60,60,60,90,458
336,236,"SEVIPER",https://raw.githubusercontent.com/Ebadulislam1001/FireRed_RomHack/refs/heads/main/graphics/pokemon/seviper/front.png,POISON,...,SHED_SKIN,...,73,100,60,100,60,65,458
337,237,"LUNATONE",https://raw.githubusercontent.com/Ebadulislam1001/FireRed_RomHack/refs/heads/main/graphics/pokemon/lunatone/front.png,ROCK,PSYCHIC,IMMUNITY,...,70,55,65,95,85,70,440
338,238,"SOLROCK",https://raw.githubusercontent.com/Ebadulislam1001/FireRed_RomHack/refs/heads/main/graphics/pokemon/solrock/front.png,ROCK,PSYCHIC,IMMUNITY,...,70,95,85,55,65,70,440
088,239,"GRIMER",https://raw.githubusercontent.com/Ebadulislam1001/FireRed_RomHack/refs/heads/main/graphics/pokemon/grimer/front.png,POISON,...,DAMP,...,80,80,50,40,50,25,325
089,240,"MUK",https://raw.githubusercontent.com/Ebadulislam1001/FireRed_RomHack/refs/heads/main/graphics/pokemon/muk/front.png,POISON,DARK,DAMP,...,105,105,75,65,100,50,500
109,241,"KOFFING",https://raw.githubusercontent.com/Ebadulislam1001/FireRed_RomHack/refs/heads/main/graphics/pokemon/koffing/front.png,POISON,...,LEVITATE,...,40,65,95,60,45,35,340
110,242,"WEEZING",https://raw.githubusercontent.com/Ebadulislam1001/FireRed_RomHack/refs/heads/main/graphics/pokemon/weezing/front.png,POISON,...,LEVITATE,...,65,90,120,85,70,60,490
090,243,"CLAMPERL",https://raw.githubusercontent.com/Ebadulislam1001/FireRed_RomHack/refs/heads/main/graphics/pokemon/shellder/front.png,WATER,ICE,SHELL_ARMOR,...,30,65,100,45,25,40,305
091,244,"CLOYSTER",https://raw.githubusercontent.com/Ebadulislam1001/FireRed_RomHack/refs/heads/main/graphics/pokemon/cloyster/front.png,WATER,ICE,SHELL_ARMOR,...,50,95,180,85,45,70,525
345,245,"LILEEP",https://raw.githubusercontent.com/Ebadulislam1001/FireRed_RomHack/refs/heads/main/graphics/pokemon/lileep/front.png,ROCK,GRASS,STICKY_HOLD,...,66,41,77,61,87,23,355
346,246,"CRADILY",https://raw.githubusercontent.com/Ebadulislam1001/FireRed_RomHack/refs/heads/main/graphics/pokemon/cradily/front.png,ROCK,GRASS,STICKY_HOLD,...,86,81,97,81,107,43,495
347,247,"ANORITH",https://raw.githubusercontent.com/Ebadulislam1001/FireRed_RomHack/refs/heads/main/graphics/pokemon/anorith/front.png,ROCK,BUG,BATTLE_ARMOR,...,45,95,50,40,50,75,355
348,248,"ARMALDO",https://raw.githubusercontent.com/Ebadulislam1001/FireRed_RomHack/refs/heads/main/graphics/pokemon/armaldo/front.png,ROCK,BUG,BATTLE_ARMOR,...,75,125,100,70,80,45,495
339,249,"TYRUNT",https://raw.githubusercontent.com/Ebadulislam1001/FireRed_RomHack/refs/heads/main/graphics/pokemon/barboach/front.png,ROCK,DRAGON,HYPER_CUTTER,...,50,48,43,46,41,60,288
340,250,"TYRANTRUM",https://raw.githubusercontent.com/Ebadulislam1001/FireRed_RomHack/refs/heads/main/graphics/pokemon/whiscash/front.png,ROCK,DRAGON,HYPER_CUTTER,...,110,78,73,76,71,60,468
341,251,"AMAURA",https://raw.githubusercontent.com/Ebadulislam1001/FireRed_RomHack/refs/heads/main/graphics/pokemon/corphish/front.png,ICE,DRAGON,MYSTIC_GUARD,...,43,80,65,50,35,35,308
342,252,"AURORUS",https://raw.githubusercontent.com/Ebadulislam1001/FireRed_RomHack/refs/heads/main/graphics/pokemon/crawdaunt/front.png,ICE,DRAGON,MYSTIC_GUARD,...,63,120,85,90,55,55,468
343,253,"BALTOY",https://raw.githubusercontent.com/Ebadulislam1001/FireRed_RomHack/refs/heads/main/graphics/pokemon/baltoy/front.png,GROUND,PSYCHIC,LEVITATE,...,40,40,55,40,70,55,300
344,254,"CLAYDOL",https://raw.githubusercontent.com/Ebadulislam1001/FireRed_RomHack/refs/heads/main/graphics/pokemon/claydol/front.png,GROUND,PSYCHIC,LEVITATE,...,60,70,105,70,120,75,500
124,255,"BEARTIC",https://raw.githubusercontent.com/Ebadulislam1001/FireRed_RomHack/refs/heads/main/graphics/pokemon/jynx/front.png,ICE,...,ICE_BODY,...,65,50,35,115,95,95,455
125,256,"ELECTABUZZ",https://raw.githubusercontent.com/Ebadulislam1001/FireRed_RomHack/refs/heads/main/graphics/pokemon/electabuzz/front.png,ELECTRIC,...,STATIC,...,65,83,57,95,85,105,490
239,257,"ELECTIVIRE",https://raw.githubusercontent.com/Ebadulislam1001/FireRed_RomHack/refs/heads/main/graphics/pokemon/elekid/front.png,ELECTRIC,...,STATIC,...,45,63,37,65,55,95,360
126,258,"MAGMAR",https://raw.githubusercontent.com/Ebadulislam1001/FireRed_RomHack/refs/heads/main/graphics/pokemon/magmar/front.png,FIRE,...,FLAME_BODY,...,65,95,57,100,85,93,495
240,259,"MAGMORTAR",https://raw.githubusercontent.com/Ebadulislam1001/FireRed_RomHack/refs/heads/main/graphics/pokemon/magby/front.png,FIRE,...,FLAME_BODY,...,45,75,37,70,55,83,365
113,260,"CHANSEY",https://raw.githubusercontent.com/Ebadulislam1001/FireRed_RomHack/refs/heads/main/graphics/pokemon/chansey/front.png,NORMAL,...,NATURAL_CURE,...,250,5,5,35,105,50,450
242,261,"BLISSEY",https://raw.githubusercontent.com/Ebadulislam1001/FireRed_RomHack/refs/heads/main/graphics/pokemon/blissey/front.png,NORMAL,...,NATURAL_CURE,...,255,10,10,75,135,55,540
128,262,"TAUROS",https://raw.githubusercontent.com/Ebadulislam1001/FireRed_RomHack/refs/heads/main/graphics/pokemon/tauros/front.png,NORMAL,...,INTIMIDATE,...,75,100,95,40,70,110,490
241,263,"MILTANK",https://raw.githubusercontent.com/Ebadulislam1001/FireRed_RomHack/refs/heads/main/graphics/pokemon/miltank/front.png,NORMAL,...,THICK_FAT,...,95,80,105,40,70,100,490
096,264,"DROWZEE",https://raw.githubusercontent.com/Ebadulislam1001/FireRed_RomHack/refs/heads/main/graphics/pokemon/drowzee/front.png,PSYCHIC,...,INSOMNIA,...,60,48,45,43,90,42,328
097,265,"HYPNO",https://raw.githubusercontent.com/Ebadulislam1001/FireRed_RomHack/refs/heads/main/graphics/pokemon/hypno/front.png,PSYCHIC,...,INSOMNIA,...,85,73,70,73,115,67,483
098,266,"KRABBY",https://raw.githubusercontent.com/Ebadulislam1001/FireRed_RomHack/refs/heads/main/graphics/pokemon/krabby/front.png,WATER,...,SHELL_ARMOR,...,30,105,90,25,25,50,325
099,267,"KINGLER",https://raw.githubusercontent.com/Ebadulislam1001/FireRed_RomHack/refs/heads/main/graphics/pokemon/kingler/front.png,WATER,...,SHELL_ARMOR,...,55,130,115,50,50,75,475
100,268,"VOLTORB",https://raw.githubusercontent.com/Ebadulislam1001/FireRed_RomHack/refs/heads/main/graphics/pokemon/voltorb/front.png,ELECTRIC,...,SOUNDPROOF,...,40,30,50,55,55,100,330
101,269,"ELECTRODE",https://raw.githubusercontent.com/Ebadulislam1001/FireRed_RomHack/refs/heads/main/graphics/pokemon/electrode/front.png,ELECTRIC,...,SOUNDPROOF,...,60,50,70,80,80,140,480
102,270,"ACCURASEED",https://raw.githubusercontent.com/Ebadulislam1001/FireRed_RomHack/refs/heads/main/graphics/pokemon/exeggcute/front.png,GRASS,...,KEEN_EYE,...,60,40,80,60,45,40,325
103,271,"TREECESION",https://raw.githubusercontent.com/Ebadulislam1001/FireRed_RomHack/refs/heads/main/graphics/pokemon/exeggutor/front.png,GRASS,...,KEEN_EYE,...,95,95,85,125,65,55,520
104,272,"CUBONE",https://raw.githubusercontent.com/Ebadulislam1001/FireRed_RomHack/refs/heads/main/graphics/pokemon/cubone/front.png,GROUND,...,ROCK_HEAD,...,50,50,95,40,50,35,320
105,273,"MAROWAK",https://raw.githubusercontent.com/Ebadulislam1001/FireRed_RomHack/refs/heads/main/graphics/pokemon/marowak/front.png,GROUND,GHOST,ROCK_HEAD,...,60,80,110,50,80,45,425
353,274,"SHUPPET",https://raw.githubusercontent.com/Ebadulislam1001/FireRed_RomHack/refs/heads/main/graphics/pokemon/shuppet/front.png,GHOST,...,INSOMNIA,...,44,75,35,63,33,45,295
354,275,"BANETTE",https://raw.githubusercontent.com/Ebadulislam1001/FireRed_RomHack/refs/heads/main/graphics/pokemon/banette/front.png,GHOST,...,INSOMNIA,...,64,115,65,83,63,65,455
355,276,"DUSKULL",https://raw.githubusercontent.com/Ebadulislam1001/FireRed_RomHack/refs/heads/main/graphics/pokemon/duskull/front.png,GHOST,...,PRESSURE,...,20,40,90,30,90,25,295
356,277,"DUSCLOPS",https://raw.githubusercontent.com/Ebadulislam1001/FireRed_RomHack/refs/heads/main/graphics/pokemon/dusclops/front.png,GHOST,...,PRESSURE,...,40,70,130,60,130,25,455
236,278,"TYROGUE",https://raw.githubusercontent.com/Ebadulislam1001/FireRed_RomHack/refs/heads/main/graphics/pokemon/tyrogue/front.png,FIGHTING,...,LIMBER,...,35,35,35,35,35,35,210
106,279,"HITMONLEE",https://raw.githubusercontent.com/Ebadulislam1001/FireRed_RomHack/refs/heads/main/graphics/pokemon/hitmonlee/front.png,FIGHTING,...,GUTS,...,50,120,53,35,110,87,455
107,280,"HITMONCHAN",https://raw.githubusercontent.com/Ebadulislam1001/FireRed_RomHack/refs/heads/main/graphics/pokemon/hitmonchan/front.png,FIGHTING,...,IMPULSE,...,50,105,79,35,110,76,455
108,281,"HITMONCENA",https://raw.githubusercontent.com/Ebadulislam1001/FireRed_RomHack/refs/heads/main/graphics/pokemon/lickitung/front.png,FIGHTING,...,PRESSURE,...,90,55,75,60,75,30,385
111,282,"RHYHORN",https://raw.githubusercontent.com/Ebadulislam1001/FireRed_RomHack/refs/heads/main/graphics/pokemon/rhyhorn/front.png,GROUND,ROCK,LIGHTNING_ROD,...,80,85,95,30,30,25,345
112,283,"RHYDON",https://raw.githubusercontent.com/Ebadulislam1001/FireRed_RomHack/refs/heads/main/graphics/pokemon/rhydon/front.png,GROUND,ROCK,LIGHTNING_ROD,...,105,130,120,45,45,40,485
116,284,"HORSEA",https://raw.githubusercontent.com/Ebadulislam1001/FireRed_RomHack/refs/heads/main/graphics/pokemon/horsea/front.png,WATER,...,SWIFT_SWIM,...,30,40,70,70,25,60,295
117,285,"SEADRA",https://raw.githubusercontent.com/Ebadulislam1001/FireRed_RomHack/refs/heads/main/graphics/pokemon/seadra/front.png,WATER,...,SWIFT_SWIM,...,55,65,95,95,45,85,440
230,286,"KINGDRA",https://raw.githubusercontent.com/Ebadulislam1001/FireRed_RomHack/refs/heads/main/graphics/pokemon/kingdra/front.png,WATER,DRAGON,SWIFT_SWIM,...,75,95,95,95,95,85,540
120,287,"STARYU",https://raw.githubusercontent.com/Ebadulislam1001/FireRed_RomHack/refs/heads/main/graphics/pokemon/staryu/front.png,WATER,PSYCHIC,ILLUMINATE,...,30,45,55,70,55,85,340
121,288,"STARMIE",https://raw.githubusercontent.com/Ebadulislam1001/FireRed_RomHack/refs/heads/main/graphics/pokemon/starmie/front.png,WATER,PSYCHIC,ILLUMINATE,...,60,75,85,100,85,115,520
138,289,"OMANYTE",https://raw.githubusercontent.com/Ebadulislam1001/FireRed_RomHack/refs/heads/main/graphics/pokemon/omanyte/front.png,ROCK,WATER,SHELL_ARMOR,...,35,40,100,90,55,35,355
139,290,"OMASTAR",https://raw.githubusercontent.com/Ebadulislam1001/FireRed_RomHack/refs/heads/main/graphics/pokemon/omastar/front.png,ROCK,WATER,SHELL_ARMOR,...,70,60,125,115,70,55,495
140,291,"KABUTO",https://raw.githubusercontent.com/Ebadulislam1001/FireRed_RomHack/refs/heads/main/graphics/pokemon/kabuto/front.png,ROCK,...,HYPER_CUTTER,...,30,80,90,55,45,55,355
141,292,"KABUTUFF",https://raw.githubusercontent.com/Ebadulislam1001/FireRed_RomHack/refs/heads/main/graphics/pokemon/kabutops/front.png,ROCK,FIGHTING,HYPER_CUTTER,...,60,115,105,65,70,80,495
129,293,"MAGIKARP",https://raw.githubusercontent.com/Ebadulislam1001/FireRed_RomHack/refs/heads/main/graphics/pokemon/magikarp/front.png,WATER,...,SWIFT_SWIM,...,20,10,55,15,20,80,200
130,294,"GYARADOS",https://raw.githubusercontent.com/Ebadulislam1001/FireRed_RomHack/refs/heads/main/graphics/pokemon/gyarados/front.png,WATER,FLYING,INTIMIDATE,...,95,125,79,60,100,81,540
349,295,"FEEBAS",https://raw.githubusercontent.com/Ebadulislam1001/FireRed_RomHack/refs/heads/main/graphics/pokemon/feebas/front.png,WATER,...,SWIFT_SWIM,...,20,15,20,10,55,80,200
350,296,"MILOTIC",https://raw.githubusercontent.com/Ebadulislam1001/FireRed_RomHack/refs/heads/main/graphics/pokemon/milotic/front.png,WATER,...,MYSTIC_SCALE,...,95,60,79,100,125,81,540
086,297,"ROCKRUFF",https://raw.githubusercontent.com/Ebadulislam1001/FireRed_RomHack/refs/heads/main/graphics/pokemon/seel/front.png,ROCK,...,RUN_AWAY,...,65,45,55,45,70,45,325
087,298,"SKOLL",https://raw.githubusercontent.com/Ebadulislam1001/FireRed_RomHack/refs/heads/main/graphics/pokemon/dewgong/front.png,ROCK,...,EARLY_BIRD,...,90,70,80,70,95,70,475
231,299,"HYATI",https://raw.githubusercontent.com/Ebadulislam1001/FireRed_RomHack/refs/heads/main/graphics/pokemon/phanpy/front.png,ROCK,...,INSOMNIA,...,90,60,60,40,40,40,330
232,300,"FENRIS",https://raw.githubusercontent.com/Ebadulislam1001/FireRed_RomHack/refs/heads/main/graphics/pokemon/donphan/front.png,ROCK,...,SAND_SHIELD,...,90,120,120,60,60,50,500
211,301,"CHARCADET",https://raw.githubusercontent.com/Ebadulislam1001/FireRed_RomHack/refs/heads/main/graphics/pokemon/qwilfish/front.png,STEEL,FIRE,OBLIVIOUS,...,65,95,75,55,55,85,430
114,302,"ARMAROOK",https://raw.githubusercontent.com/Ebadulislam1001/FireRed_RomHack/refs/heads/main/graphics/pokemon/tangela/front.png,GHOST,STEEL,ROCK_HEAD,...,65,55,115,100,40,60,435
071,303,"BISHARP",https://raw.githubusercontent.com/Ebadulislam1001/FireRed_RomHack/refs/heads/main/graphics/pokemon/victreebel/front.png,GHOST,FIRE,HYPER_CUTTER,...,80,105,65,100,60,70,480
360,304,"FORKNIGHT",https://raw.githubusercontent.com/Ebadulislam1001/FireRed_RomHack/refs/heads/main/graphics/pokemon/wynaut/front.png,DARK,FIGHTING,BATTLE_ARMOR,...,95,23,48,23,48,23,260
115,305,"KANGASKHAN",https://raw.githubusercontent.com/Ebadulislam1001/FireRed_RomHack/refs/heads/main/graphics/pokemon/kangaskhan/front.png,NORMAL,...,GUTS,...,105,95,80,40,80,90,490
122,306,"MR. MIME",https://raw.githubusercontent.com/Ebadulislam1001/FireRed_RomHack/refs/heads/main/graphics/pokemon/mr_mime/front.png,PSYCHIC,...,SOUNDPROOF,...,40,45,65,100,120,90,460
222,307,"DRACOON",https://raw.githubusercontent.com/Ebadulislam1001/FireRed_RomHack/refs/heads/main/graphics/pokemon/corsola/front.png,BUG,DRAGON,SHIELD_DUST,...,55,55,85,65,85,35,380
223,308,"ANCHORAGE",https://raw.githubusercontent.com/Ebadulislam1001/FireRed_RomHack/refs/heads/main/graphics/pokemon/remoraid/front.png,STEEL,WATER,ARENA_TRAP,...,35,65,35,65,35,65,300
224,309,"QUARTILERY",https://raw.githubusercontent.com/Ebadulislam1001/FireRed_RomHack/refs/heads/main/graphics/pokemon/octillery/front.png,STEEL,FIRE,FLASH_FIRE,...,75,105,75,105,75,45,480
315,310,"CORVIDOC",https://raw.githubusercontent.com/Ebadulislam1001/FireRed_RomHack/refs/heads/main/graphics/pokemon/roselia/front.png,GHOST,POISON,NATURAL_CURE,...,50,60,45,100,80,65,400
357,311,"TROPIUS",https://raw.githubusercontent.com/Ebadulislam1001/FireRed_RomHack/refs/heads/main/graphics/pokemon/tropius/front.png,GRASS,FLYING,CHLOROPHYLL,...,99,68,83,72,87,51,460
358,312,"MUDD",https://raw.githubusercontent.com/Ebadulislam1001/FireRed_RomHack/refs/heads/main/graphics/pokemon/chimecho/front.png,GROUND,POISON,WATER_ABSORB,...,65,50,70,95,80,65,425
359,313,"ABSOL",https://raw.githubusercontent.com/Ebadulislam1001/FireRed_RomHack/refs/heads/main/graphics/pokemon/absol/front.png,DARK,...,PRESSURE,...,65,130,60,75,60,75,465
133,314,"EEVEE",https://raw.githubusercontent.com/Ebadulislam1001/FireRed_RomHack/refs/heads/main/graphics/pokemon/eevee/front.png,NORMAL,...,RUN_AWAY,...,55,55,50,45,65,55,325
134,315,"VAPOREON",https://raw.githubusercontent.com/Ebadulislam1001/FireRed_RomHack/refs/heads/main/graphics/pokemon/vaporeon/front.png,WATER,...,WATER_ABSORB,...,130,65,60,110,95,65,525
135,316,"JOLTEON",https://raw.githubusercontent.com/Ebadulislam1001/FireRed_RomHack/refs/heads/main/graphics/pokemon/jolteon/front.png,ELECTRIC,...,VOLT_ABSORB,...,65,65,60,110,95,130,525
136,317,"FLAREON",https://raw.githubusercontent.com/Ebadulislam1001/FireRed_RomHack/refs/heads/main/graphics/pokemon/flareon/front.png,FIRE,...,FLASH_FIRE,...,65,130,60,95,110,65,525
196,318,"ESPEON",https://raw.githubusercontent.com/Ebadulislam1001/FireRed_RomHack/refs/heads/main/graphics/pokemon/espeon/front.png,PSYCHIC,...,SYNCHRONIZE,...,65,65,60,130,95,110,525
197,319,"UMBREON",https://raw.githubusercontent.com/Ebadulislam1001/FireRed_RomHack/refs/heads/main/graphics/pokemon/umbreon/front.png,DARK,...,SYNCHRONIZE,...,95,65,110,60,130,65,525
142,320,"AERODACTYL",https://raw.githubusercontent.com/Ebadulislam1001/FireRed_RomHack/refs/heads/main/graphics/pokemon/aerodactyl/front.png,ROCK,FLYING,ROCK_HEAD,...,80,105,65,60,75,130,515
131,321,"LAPRAS",https://raw.githubusercontent.com/Ebadulislam1001/FireRed_RomHack/refs/heads/main/graphics/pokemon/lapras/front.png,WATER,ICE,SHELL_ARMOR,...,130,85,80,85,95,60,535
143,322,"SNORLAX",https://raw.githubusercontent.com/Ebadulislam1001/FireRed_RomHack/refs/heads/main/graphics/pokemon/snorlax/front.png,NORMAL,...,THICK_FAT,...,160,110,65,65,110,30,540
190,323,"PANDARA",https://raw.githubusercontent.com/Ebadulislam1001/FireRed_RomHack/refs/heads/main/graphics/pokemon/aipom/front.png,DRAGON,FIGHTING,SENJUTSU,...,55,70,55,40,55,85,360
191,324,"RIOLU",https://raw.githubusercontent.com/Ebadulislam1001/FireRed_RomHack/refs/heads/main/graphics/pokemon/sunkern/front.png,FIGHTING,...,SENJUTSU,...,30,30,30,30,30,30,180
192,325,"LUCARIO",https://raw.githubusercontent.com/Ebadulislam1001/FireRed_RomHack/refs/heads/main/graphics/pokemon/sunflora/front.png,FIGHTING,STEEL,SENJUTSU,...,75,75,55,105,85,30,425
173,326,"ZORUA",https://raw.githubusercontent.com/Ebadulislam1001/FireRed_RomHack/refs/heads/main/graphics/pokemon/cleffa/front.png,DARK,...,GENJUTSU,...,50,25,28,45,55,15,218
174,327,"ZOROARK",https://raw.githubusercontent.com/Ebadulislam1001/FireRed_RomHack/refs/heads/main/graphics/pokemon/igglybuff/front.png,DARK,...,GENJUTSU,...,90,30,15,40,20,15,210
363,328,"SPHEAL",https://raw.githubusercontent.com/Ebadulislam1001/FireRed_RomHack/refs/heads/main/graphics/pokemon/spheal/front.png,ICE,WATER,THICK_FAT,...,70,40,50,55,50,25,290
364,329,"SEALEO",https://raw.githubusercontent.com/Ebadulislam1001/FireRed_RomHack/refs/heads/main/graphics/pokemon/sealeo/front.png,ICE,WATER,THICK_FAT,...,90,60,70,75,70,45,410
365,330,"WALREIN",https://raw.githubusercontent.com/Ebadulislam1001/FireRed_RomHack/refs/heads/main/graphics/pokemon/walrein/front.png,ICE,WATER,THICK_FAT,...,110,80,90,95,90,65,530
001,331,"BULBASAUR",https://raw.githubusercontent.com/Ebadulislam1001/FireRed_RomHack/refs/heads/main/graphics/pokemon/bulbasaur/front.png,GRASS,...,OVERGROW,...,45,49,49,65,65,45,318
002,332,"IVYSAUR",https://raw.githubusercontent.com/Ebadulislam1001/FireRed_RomHack/refs/heads/main/graphics/pokemon/ivysaur/front.png,GRASS,POISON,OVERGROW,...,60,62,63,80,80,60,405
003,333,"VENUSAUR",https://raw.githubusercontent.com/Ebadulislam1001/FireRed_RomHack/refs/heads/main/graphics/pokemon/venusaur/front.png,GRASS,POISON,OVERGROW,...,80,82,83,100,100,80,525
004,334,"CHARMANDER",https://raw.githubusercontent.com/Ebadulislam1001/FireRed_RomHack/refs/heads/main/graphics/pokemon/charmander/front.png,FIRE,...,BLAZE,...,39,52,43,60,50,65,309
005,335,"CHARMELEON",https://raw.githubusercontent.com/Ebadulislam1001/FireRed_RomHack/refs/heads/main/graphics/pokemon/charmeleon/front.png,FIRE,...,BLAZE,...,58,64,58,80,65,80,405
006,336,"CHARIZARD",https://raw.githubusercontent.com/Ebadulislam1001/FireRed_RomHack/refs/heads/main/graphics/pokemon/charizard/front.png,FIRE,FLYING,BLAZE,...,78,84,78,109,85,100,534
007,337,"SQUIRTLE",https://raw.githubusercontent.com/Ebadulislam1001/FireRed_RomHack/refs/heads/main/graphics/pokemon/squirtle/front.png,WATER,...,TORRENT,...,44,48,65,50,64,43,314
008,338,"WARTORTLE",https://raw.githubusercontent.com/Ebadulislam1001/FireRed_RomHack/refs/heads/main/graphics/pokemon/wartortle/front.png,WATER,...,TORRENT,...,59,63,80,65,80,58,405
009,339,"BLASTOISE",https://raw.githubusercontent.com/Ebadulislam1001/FireRed_RomHack/refs/heads/main/graphics/pokemon/blastoise/front.png,WATER,STEEL,TORRENT,...,79,83,100,85,105,78,530
252,340,"TREECKO",https://raw.githubusercontent.com/Ebadulislam1001/FireRed_RomHack/refs/heads/main/graphics/pokemon/treecko/front.png,GRASS,...,OVERGROW,...,40,45,35,65,55,70,310
253,341,"GROVYLE",https://raw.githubusercontent.com/Ebadulislam1001/FireRed_RomHack/refs/heads/main/graphics/pokemon/grovyle/front.png,GRASS,...,OVERGROW,...,50,65,45,85,65,95,405
254,342,"SCEPTILE",https://raw.githubusercontent.com/Ebadulislam1001/FireRed_RomHack/refs/heads/main/graphics/pokemon/sceptile/front.png,GRASS,DRAGON,OVERGROW,...,70,85,65,105,85,120,530
255,343,"TORCHIC",https://raw.githubusercontent.com/Ebadulislam1001/FireRed_RomHack/refs/heads/main/graphics/pokemon/torchic/front.png,FIRE,...,BLAZE,...,45,60,40,70,50,45,310
256,344,"COMBUSKEN",https://raw.githubusercontent.com/Ebadulislam1001/FireRed_RomHack/refs/heads/main/graphics/pokemon/combusken/front.png,FIRE,FIGHTING,BLAZE,...,60,85,60,85,60,55,405
257,345,"BLAZIKEN",https://raw.githubusercontent.com/Ebadulislam1001/FireRed_RomHack/refs/heads/main/graphics/pokemon/blaziken/front.png,FIRE,FIGHTING,BLAZE,...,80,120,70,110,70,80,530
258,346,"MUDKIP",https://raw.githubusercontent.com/Ebadulislam1001/FireRed_RomHack/refs/heads/main/graphics/pokemon/mudkip/front.png,WATER,...,TORRENT,...,50,70,50,50,50,40,310
259,347,"MARSHTOMP",https://raw.githubusercontent.com/Ebadulislam1001/FireRed_RomHack/refs/heads/main/graphics/pokemon/marshtomp/front.png,WATER,GROUND,TORRENT,...,70,85,70,60,70,50,405
260,348,"SWAMPERT",https://raw.githubusercontent.com/Ebadulislam1001/FireRed_RomHack/refs/heads/main/graphics/pokemon/swampert/front.png,WATER,GROUND,TORRENT,...,100,110,90,85,90,60,535
144,349,"ARTICUNO",https://raw.githubusercontent.com/Ebadulislam1001/FireRed_RomHack/refs/heads/main/graphics/pokemon/articuno/front.png,ICE,FLYING,AERILATE,...,90,85,100,95,125,85,580
145,350,"ZAPDOS",https://raw.githubusercontent.com/Ebadulislam1001/FireRed_RomHack/refs/heads/main/graphics/pokemon/zapdos/front.png,ELECTRIC,FLYING,AERILATE,...,90,90,85,125,90,100,580
146,351,"MOLTRES",https://raw.githubusercontent.com/Ebadulislam1001/FireRed_RomHack/refs/heads/main/graphics/pokemon/moltres/front.png,FIRE,FLYING,AERILATE,...,90,100,90,125,85,90,580
243,352,"RAIKOU",https://raw.githubusercontent.com/Ebadulislam1001/FireRed_RomHack/refs/heads/main/graphics/pokemon/raikou/front.png,ELECTRIC,...,VOLT_ABSORB,...,90,85,75,115,100,115,580
244,353,"ENTEI",https://raw.githubusercontent.com/Ebadulislam1001/FireRed_RomHack/refs/heads/main/graphics/pokemon/entei/front.png,FIRE,...,FLASH_FIRE,...,115,115,85,90,75,100,580
245,354,"SUICUNE",https://raw.githubusercontent.com/Ebadulislam1001/FireRed_RomHack/refs/heads/main/graphics/pokemon/suicune/front.png,WATER,...,WATER_ABSORB,...,100,75,115,90,115,85,580
377,355,"REGIROCK",https://raw.githubusercontent.com/Ebadulislam1001/FireRed_RomHack/refs/heads/main/graphics/pokemon/regirock/front.png,ROCK,...,CLEAR_BODY,...,80,100,200,50,100,50,580
378,356,"REGICE",https://raw.githubusercontent.com/Ebadulislam1001/FireRed_RomHack/refs/heads/main/graphics/pokemon/regice/front.png,ICE,...,CLEAR_BODY,...,80,50,100,100,200,50,580
379,357,"REGISTEEL",https://raw.githubusercontent.com/Ebadulislam1001/FireRed_RomHack/refs/heads/main/graphics/pokemon/registeel/front.png,STEEL,...,CLEAR_BODY,...,80,75,150,75,150,50,580
147,358,"DRATINI",https://raw.githubusercontent.com/Ebadulislam1001/FireRed_RomHack/refs/heads/main/graphics/pokemon/dratini/front.png,DRAGON,...,SHED_SKIN,...,41,64,45,50,50,50,300
148,359,"DRAGONAIR",https://raw.githubusercontent.com/Ebadulislam1001/FireRed_RomHack/refs/heads/main/graphics/pokemon/dragonair/front.png,DRAGON,...,SHED_SKIN,...,61,84,65,70,70,70,420
149,360,"DRAGONITE",https://raw.githubusercontent.com/Ebadulislam1001/FireRed_RomHack/refs/heads/main/graphics/pokemon/dragonite/front.png,DRAGON,FLYING,SPEED_BOOST,...,91,134,95,100,100,80,600
246,361,"LARVITAR",https://raw.githubusercontent.com/Ebadulislam1001/FireRed_RomHack/refs/heads/main/graphics/pokemon/larvitar/front.png,ROCK,...,ROCK_HEAD,...,50,64,50,45,50,41,300
247,362,"PUPITAR",https://raw.githubusercontent.com/Ebadulislam1001/FireRed_RomHack/refs/heads/main/graphics/pokemon/pupitar/front.png,ROCK,...,ROCK_HEAD,...,70,84,70,65,70,51,410
248,363,"TYRANITAR",https://raw.githubusercontent.com/Ebadulislam1001/FireRed_RomHack/refs/heads/main/graphics/pokemon/tyranitar/front.png,ROCK,DARK,SAND_STREAM,...,100,134,110,95,100,61,600
368,364,"SNOBRAWL",https://raw.githubusercontent.com/Ebadulislam1001/FireRed_RomHack/refs/heads/main/graphics/pokemon/gorebyss/front.png,ICE,...,IMPULSE,...,55,84,105,114,75,52,485
369,365,"CHIMPUNK",https://raw.githubusercontent.com/Ebadulislam1001/FireRed_RomHack/refs/heads/main/graphics/pokemon/relicanth/front.png,ICE,...,IMPULSE,...,100,90,130,45,65,55,485
370,366,"RAMPAPE",https://raw.githubusercontent.com/Ebadulislam1001/FireRed_RomHack/refs/heads/main/graphics/pokemon/luvdisc/front.png,ICE,FIGHTING,SNOW_WARNING,...,43,30,55,40,65,97,330
371,367,"BAGON",https://raw.githubusercontent.com/Ebadulislam1001/FireRed_RomHack/refs/heads/main/graphics/pokemon/bagon/front.png,DRAGON,...,ROCK_HEAD,...,45,75,60,40,30,50,300
372,368,"SHELGON",https://raw.githubusercontent.com/Ebadulislam1001/FireRed_RomHack/refs/heads/main/graphics/pokemon/shelgon/front.png,DRAGON,...,ROCK_HEAD,...,65,95,100,60,50,50,420
373,369,"SALAMENCE",https://raw.githubusercontent.com/Ebadulislam1001/FireRed_RomHack/refs/heads/main/graphics/pokemon/salamence/front.png,DRAGON,FIRE,INTIMIDATE,...,95,135,80,110,80,100,600
374,370,"BELDUM",https://raw.githubusercontent.com/Ebadulislam1001/FireRed_RomHack/refs/heads/main/graphics/pokemon/beldum/front.png,STEEL,PSYCHIC,CLEAR_BODY,...,40,55,80,35,60,30,300
375,371,"METANG",https://raw.githubusercontent.com/Ebadulislam1001/FireRed_RomHack/refs/heads/main/graphics/pokemon/metang/front.png,STEEL,PSYCHIC,CLEAR_BODY,...,60,75,100,55,80,50,420
376,372,"METAGROSS",https://raw.githubusercontent.com/Ebadulislam1001/FireRed_RomHack/refs/heads/main/graphics/pokemon/metagross/front.png,STEEL,PSYCHIC,CLEAR_BODY,...,80,135,130,95,90,70,600
366,373,"MELTAN",https://raw.githubusercontent.com/Ebadulislam1001/FireRed_RomHack/refs/heads/main/graphics/pokemon/clamperl/front.png,STEEL,...,MAGNET_PULL,...,35,64,85,74,55,32,345
367,374,"MELMETAL",https://raw.githubusercontent.com/Ebadulislam1001/FireRed_RomHack/refs/heads/main/graphics/pokemon/huntail/front.png,STEEL,...,MAGNET_PULL,...,55,104,105,94,75,52,485
380,375,"LATIAS",https://raw.githubusercontent.com/Ebadulislam1001/FireRed_RomHack/refs/heads/main/graphics/pokemon/latias/front.png,DRAGON,PSYCHIC,LEVITATE,...,80,80,90,110,130,110,600
381,376,"LATIOS",https://raw.githubusercontent.com/Ebadulislam1001/FireRed_RomHack/refs/heads/main/graphics/pokemon/latios/front.png,DRAGON,PSYCHIC,LEVITATE,...,80,90,80,130,110,110,600
249,377,"LUGIA",https://raw.githubusercontent.com/Ebadulislam1001/FireRed_RomHack/refs/heads/main/graphics/pokemon/lugia/front.png,WATER,FLYING,AERILATE,...,106,90,130,90,154,110,680
250,378,"HO-OH",https://raw.githubusercontent.com/Ebadulislam1001/FireRed_RomHack/refs/heads/main/graphics/pokemon/ho_oh/front.png,FIRE,FLYING,FLAME_BODY,...,106,130,90,110,154,90,680
382,379,"KYOGRE",https://raw.githubusercontent.com/Ebadulislam1001/FireRed_RomHack/refs/heads/main/graphics/pokemon/kyogre/front.png,WATER,...,DRIZZLE,...,100,100,90,150,140,90,670
383,380,"GROUDON",https://raw.githubusercontent.com/Ebadulislam1001/FireRed_RomHack/refs/heads/main/graphics/pokemon/groudon/front.png,GROUND,...,DROUGHT,...,100,150,140,100,90,90,670
384,381,"RAYQUAZA",https://raw.githubusercontent.com/Ebadulislam1001/FireRed_RomHack/refs/heads/main/graphics/pokemon/rayquaza/front.png,DRAGON,FLYING,AIR_LOCK,...,105,150,90,150,90,95,680
150,382,"MEWTWO",https://raw.githubusercontent.com/Ebadulislam1001/FireRed_RomHack/refs/heads/main/graphics/pokemon/mewtwo/front.png,PSYCHIC,...,PRESSURE,...,106,110,90,154,90,130,680
151,383,"MEW",https://raw.githubusercontent.com/Ebadulislam1001/FireRed_RomHack/refs/heads/main/graphics/pokemon/mew/front.png,PSYCHIC,...,SYNCHRONIZE,...,100,100,100,100,100,100,600
251,384,"CELEBI",https://raw.githubusercontent.com/Ebadulislam1001/FireRed_RomHack/refs/heads/main/graphics/pokemon/celebi/front.png,GRASS,WATER,NATURAL_CURE,...,100,100,100,100,100,100,600
385,385,"JIRACHI",https://raw.githubusercontent.com/Ebadulislam1001/FireRed_RomHack/refs/heads/main/graphics/pokemon/jirachi/front.png,GRASS,POISON,SERENE_GRACE,...,100,100,100,100,100,100,600
386,386,"MISSINGNO.",https://raw.githubusercontent.com/Ebadulislam1001/FireRed_RomHack/refs/heads/main/graphics/pokemon/deoxys/front.png,NORMAL,GHOST,PRESSURE,...,50,150,50,150,50,150,600
